Date,USD_INR
2000-01-13,43.523
2000-01-14,43.494
2000-01-17,43.569
2000-01-18,43.593
2000-01-19,43.549
2000-01-20,43.552
2000-01-21,43.546
2000-01-24,43.613
2000-01-25,43.595
2000-01-26,43.571
2000-01-27,43.52
2000-01-28,43.599
2000-01-31,43.63
2000-02-01,43.629
2000-02-02,43.583
2000-02-03,43.529
2000-02-04,43.655
2000-02-07,43.599
2000-02-08,43.612
2000-02-09,43.6
2000-02-10,43.599
2000-02-11,43.638
2000-02-14,43.6
2000-02-15,43.628
2000-02-16,43.644
2000-02-17,43.634
2000-02-18,43.642
2000-02-21,43.631
2000-02-22,43.596
2000-02-23,43.605
2000-02-24,43.627
2000-02-25,43.624
2000-02-28,43.604
2000-02-29,43.6
2000-03-01,43.587
2000-03-02,43.574
2000-03-03,43.565
2000-03-06,43.574
2000-03-07,43.543
2000-03-08,43.562
2000-03-09,43.575
2000-03-10,43.548
2000-03-13,43.565
2000-03-14,43.585
2000-03-15,43.628
2000-03-16,43.587
2000-03-17,43.559
2000-03-20,43.559
2000-03-21,43.558
2000-03-22,43.585
2000-03-23,43.597
2000-03-24,43.597
2000-03-27,43.604
2000-03-28,43.609
2000-03-29,43.596
2000-03-30,43.61
2000-03-31,43.603
2000-04-03,43.547
2000-04-04,43.611
2000-04-05,43.635
2000-04-06,43.627
2000-04-07,43.664
2000-04-10,43.634
2000-04-11,43.609
2000-04-12,43.615
2000-04-13,43.646
2000-04-14,43.667
2000-04-17,43.651
2000-04-18,43.676
2000-04-19,43.661
2000-04-20,43.665
2000-04-25,43.652
2000-04-26,43.659
2000-04-27,43.663
2000-04-28,43.648
2000-05-02,43.678
2000-05-03,43.647
2000-05-04,43.677
2000-05-05,43.744
2000-05-08,43.628
2000-05-09,43.608
2000-05-10,44.094
2000-05-11,43.994
2000-05-12,44.071
2000-05-15,44.202
2000-05-16,43.996
2000-05-17,43.992
2000-05-18,44.21
2000-05-19,43.958
2000-05-22,43.979
2000-05-23,44.042
2000-05-24,44.14
2000-05-25,44.168
2000-05-26,44.319
2000-05-29,44.515
2000-05-30,44.562
2000-05-31,44.569
2000-06-01,44.572
2000-06-02,44.595
2000-06-05,44.677
2000-06-06,44.626
2000-06-07,44.698
2000-06-08,44.647
2000-06-09,44.75
2000-06-12,44.753
2000-06-13,44.746
2000-06-14,44.707
2000-06-15,44.699
2000-06-16,44.731
2000-06-19,44.732
2000-06-20,44.644
2000-06-21,44.667
2000-06-22,44.693
2000-06-23,44.658
2000-06-26,44.684
2000-06-27,44.638
2000-06-28,44.678
2000-06-29,44.681
2000-06-30,44.667
2000-07-03,44.664
2000-07-04,44.67
2000-07-05,44.683
2000-07-06,44.786
2000-07-07,44.713
2000-07-10,44.677
2000-07-11,44.682
2000-07-12,44.675
2000-07-13,44.694
2000-07-14,44.715
2000-07-17,44.775
2000-07-18,44.772
2000-07-19,44.768
2000-07-20,44.903
2000-07-21,44.86
2000-07-24,44.724
2000-07-25,45.125
2000-07-26,44.883
2000-07-27,44.854
2000-07-28,44.893
2000-07-31,45.05
2000-08-01,45.175
2000-08-02,45.293
2000-08-03,45.328
2000-08-04,45.378
2000-08-07,45.521
2000-08-08,45.743
2000-08-09,45.745
2000-08-10,45.863
2000-08-11,45.808
2000-08-14,45.753
2000-08-15,45.813
2000-08-16,45.745
2000-08-17,45.883
2000-08-18,45.833
2000-08-21,45.606
2000-08-22,45.663
2000-08-23,45.893
2000-08-24,45.935
2000-08-25,45.883
2000-08-28,45.786
2000-08-29,45.828
2000-08-30,45.841
2000-08-31,45.812
2000-09-01,45.748
2000-09-04,45.718
2000-09-05,45.713
2000-09-06,45.642
2000-09-07,45.59
2000-09-08,45.637
2000-09-11,45.592
2000-09-12,45.608
2000-09-13,45.623
2000-09-14,45.776
2000-09-15,45.717
2000-09-18,46.029
2000-09-19,46.355
2000-09-20,46.218
2000-09-21,45.903
2000-09-22,46.055
2000-09-25,45.984
2000-09-26,46.045
2000-09-27,46.083
2000-09-28,46.065
2000-09-29,46.006
2000-10-02,46.005
2000-10-03,46.104
2000-10-04,46.12
2000-10-05,46.01
2000-10-06,46.135
2000-10-09,46.083
2000-10-10,46.153
2000-10-11,46.31
2000-10-12,46.323
2000-10-13,46.394
2000-10-16,46.334
2000-10-17,46.315
2000-10-18,46.313
2000-10-19,46.358
2000-10-20,46.338
2000-10-23,46.413
2000-10-24,46.427
2000-10-25,46.653
2000-10-26,46.652
2000-10-27,46.765
2000-10-30,46.731
2000-10-31,46.839
2000-11-01,46.748
2000-11-02,46.638
2000-11-03,46.655
2000-11-06,46.611
2000-11-07,46.712
2000-11-08,46.655
2000-11-09,46.716
2000-11-10,46.738
2000-11-13,46.766
2000-11-14,46.815
2000-11-15,46.759
2000-11-16,46.77
2000-11-17,46.846
2000-11-20,46.73
2000-11-21,46.748
2000-11-22,46.85
2000-11-23,46.823
2000-11-24,46.848
2000-11-27,46.819
2000-11-28,46.915
2000-11-29,46.785
2000-11-30,46.824
2000-12-01,46.847
2000-12-04,46.815
2000-12-05,46.773
2000-12-06,46.738
2000-12-07,46.748
2000-12-08,46.69
2000-12-11,46.72
2000-12-12,46.752
2000-12-13,46.795
2000-12-14,46.787
2000-12-15,46.779
2000-12-18,46.695
2000-12-19,46.681
2000-12-20,46.748
2000-12-21,46.723
2000-12-22,46.662
2000-12-27,46.678
2000-12-28,46.754
2000-12-29,46.673
2001-01-02,46.71
2001-01-03,46.725
2001-01-04,46.722
2001-01-05,46.71
2001-01-08,46.702
2001-01-09,46.66
2001-01-10,46.635
2001-01-11,46.62
2001-01-12,46.572
2001-01-15,46.531
2001-01-16,46.502
2001-01-17,46.395
2001-01-18,46.415
2001-01-19,46.336
2001-01-22,46.376
2001-01-23,46.347
2001-01-24,46.377
2001-01-25,46.513
2001-01-26,46.518
2001-01-29,46.46
2001-01-30,46.417
2001-01-31,46.38
2001-02-01,46.422
2001-02-02,46.393
2001-02-05,46.378
2001-02-06,46.306
2001-02-07,46.368
2001-02-08,46.343
2001-02-09,46.493
2001-02-12,46.515
2001-02-13,46.563
2001-02-14,46.633
2001-02-15,46.519
2001-02-16,46.509
2001-02-19,46.56
2001-02-20,46.598
2001-02-21,46.567
2001-02-22,46.576
2001-02-23,46.592
2001-02-26,46.628
2001-02-27,46.639
2001-02-28,46.545
2001-03-01,46.543
2001-03-02,46.545
2001-03-05,46.528
2001-03-06,46.525
2001-03-07,46.536
2001-03-08,46.51
2001-03-09,46.55
2001-03-12,46.557
2001-03-13,46.688
2001-03-14,46.646
2001-03-15,46.638
2001-03-16,46.691
2001-03-19,46.696
2001-03-20,46.673
2001-03-21,46.677
2001-03-22,46.789
2001-03-23,46.648
2001-03-26,46.648
2001-03-27,46.615
2001-03-28,46.6
2001-03-29,46.641
2001-03-30,46.63
2001-04-02,46.623
2001-04-03,46.615
2001-04-04,46.562
2001-04-05,46.56
2001-04-06,46.565
2001-04-09,46.505
2001-04-10,46.543
2001-04-11,46.712
2001-04-12,46.857
2001-04-17,46.882
2001-04-18,46.863
2001-04-19,46.885
2001-04-20,46.807
2001-04-23,46.785
2001-04-24,46.803
2001-04-25,46.914
2001-04-26,46.776
2001-04-27,46.838
2001-04-30,46.843
2001-05-02,46.85
2001-05-03,46.791
2001-05-04,46.815
2001-05-07,46.802
2001-05-08,46.816
2001-05-09,46.771
2001-05-10,46.999
2001-05-11,46.868
2001-05-14,47.201
2001-05-15,47.048
2001-05-16,46.981
2001-05-17,46.927
2001-05-18,46.917
2001-05-21,46.993
2001-05-22,46.972
2001-05-23,46.952
2001-05-24,46.97
2001-05-25,46.968
2001-05-28,46.978
2001-05-29,46.978
2001-05-30,46.909
2001-05-31,47.008
2001-06-01,47.089
2001-06-04,47.01
2001-06-05,47.018
2001-06-06,46.989
2001-06-07,46.944
2001-06-08,47.227
2001-06-11,46.953
2001-06-12,47.019
2001-06-13,46.922
2001-06-14,46.994
2001-06-15,47.023
2001-06-18,46.97
2001-06-19,46.985
2001-06-20,46.916
2001-06-21,46.96
2001-06-22,46.973
2001-06-25,47.034
2001-06-26,47.022
2001-06-27,46.964
2001-06-28,47.03
2001-06-29,47.042
2001-07-02,47.152
2001-07-03,47.123
2001-07-04,47.097
2001-07-05,47.103
2001-07-06,47.168
2001-07-09,47.145
2001-07-10,47.173
2001-07-11,47.136
2001-07-12,47.147
2001-07-13,47.161
2001-07-16,47.156
2001-07-17,47.102
2001-07-18,47.152
2001-07-19,47.113
2001-07-20,47.106
2001-07-23,47.097
2001-07-24,47.099
2001-07-25,47.143
2001-07-26,47.143
2001-07-27,47.151
2001-07-30,47.127
2001-07-31,47.074
2001-08-01,47.138
2001-08-02,47.104
2001-08-03,47.112
2001-08-06,47.107
2001-08-07,47.128
2001-08-08,47.127
2001-08-09,47.128
2001-08-10,47.117
2001-08-13,47.11
2001-08-14,47.111
2001-08-15,47.169
2001-08-16,47.14
2001-08-17,47.149
2001-08-20,47.123
2001-08-21,47.154
2001-08-22,47.099
2001-08-23,47.122
2001-08-24,47.12
2001-08-27,47.132
2001-08-28,47.148
2001-08-29,47.11
2001-08-30,47.123
2001-08-31,47.125
2001-09-03,47.17
2001-09-04,47.22
2001-09-05,47.116
2001-09-06,47.184
2001-09-07,47.202
2001-09-10,47.338
2001-09-11,47.415
2001-09-12,47.391
2001-09-13,47.545
2001-09-14,47.853
2001-09-17,47.876
2001-09-18,47.967
2001-09-19,48.002
2001-09-20,47.96
2001-09-21,47.974
2001-09-24,47.936
2001-09-25,47.881
2001-09-26,47.837
2001-09-27,47.852
2001-09-28,47.921
2001-10-01,47.977
2001-10-02,47.973
2001-10-03,47.907
2001-10-04,47.972
2001-10-05,47.981
2001-10-08,48.143
2001-10-09,48.113
2001-10-10,48.051
2001-10-11,48.069
2001-10-12,48.039
2001-10-15,48.022
2001-10-16,48.008
2001-10-17,47.993
2001-10-18,48.002
2001-10-19,48.022
2001-10-22,48.024
2001-10-23,47.984
2001-10-24,48.031
2001-10-25,48.011
2001-10-26,47.979
2001-10-29,47.954
2001-10-30,47.972
2001-10-31,47.982
2001-11-01,47.992
2001-11-02,47.996
2001-11-05,47.937
2001-11-06,47.982
2001-11-07,47.993
2001-11-08,48.002
2001-11-09,47.991
2001-11-12,47.995
2001-11-13,47.968
2001-11-14,48.055
2001-11-15,47.975
2001-11-16,47.977
2001-11-19,47.929
2001-11-20,47.983
2001-11-21,47.977
2001-11-22,48.034
2001-11-23,48.044
2001-11-26,47.995
2001-11-27,47.962
2001-11-28,47.99
2001-11-29,47.96
2001-11-30,47.974
2001-12-03,47.968
2001-12-04,47.899
2001-12-05,47.888
2001-12-06,47.86
2001-12-07,47.805
2001-12-10,47.851
2001-12-11,47.782
2001-12-12,47.787
2001-12-13,47.787
2001-12-14,47.826
2001-12-17,47.803
2001-12-18,47.805
2001-12-19,47.76
2001-12-20,47.811
2001-12-21,47.797
2001-12-24,47.909
2001-12-27,48.162
2001-12-28,48.219
2002-01-02,48.266
2002-01-03,48.214
2002-01-04,48.267
2002-01-07,48.263
2002-01-08,48.244
2002-01-09,48.289
2002-01-10,48.366
2002-01-11,48.431
2002-01-14,48.294
2002-01-15,48.255
2002-01-16,48.261
2002-01-17,48.275
2002-01-18,48.22
2002-01-21,48.223
2002-01-22,48.299
2002-01-23,48.278
2002-01-24,48.303
2002-01-25,48.35
2002-01-28,48.342
2002-01-29,48.395
2002-01-30,48.489
2002-01-31,48.516
2002-02-01,48.489
2002-02-04,48.628
2002-02-05,48.632
2002-02-06,48.672
2002-02-07,48.69
2002-02-08,48.658
2002-02-11,48.695
2002-02-12,48.648
2002-02-13,48.651
2002-02-14,48.639
2002-02-15,48.686
2002-02-18,48.629
2002-02-19,48.621
2002-02-20,48.582
2002-02-21,48.635
2002-02-22,48.69
2002-02-25,48.796
2002-02-26,48.701
2002-02-27,48.725
2002-02-28,48.708
2002-03-01,48.715
2002-03-04,48.645
2002-03-05,48.656
2002-03-06,48.663
2002-03-07,48.688
2002-03-08,48.7
2002-03-11,48.711
2002-03-12,48.707
2002-03-13,48.705
2002-03-14,48.744
2002-03-15,48.732
2002-03-18,48.698
2002-03-19,48.71
2002-03-20,48.708
2002-03-21,48.73
2002-03-22,48.756
2002-03-25,48.758
2002-03-26,48.736
2002-03-27,48.738
2002-03-28,48.775
2002-04-02,48.82
2002-04-03,48.894
2002-04-04,48.873
2002-04-05,48.861
2002-04-08,48.871
2002-04-09,48.866
2002-04-10,48.869
2002-04-11,48.838
2002-04-12,48.888
2002-04-15,48.929
2002-04-16,48.897
2002-04-17,48.916
2002-04-18,48.897
2002-04-19,48.865
2002-04-22,48.898
2002-04-23,48.961
2002-04-24,48.951
2002-04-25,48.97
2002-04-26,48.949
2002-04-29,48.936
2002-04-30,48.939
2002-05-02,48.933
2002-05-03,48.94
2002-05-06,48.921
2002-05-07,48.962
2002-05-08,48.885
2002-05-09,48.948
2002-05-10,48.967
2002-05-13,49.017
2002-05-14,48.97
2002-05-15,48.988
2002-05-16,49.022
2002-05-17,48.979
2002-05-20,48.968
2002-05-21,48.944
2002-05-22,48.963
2002-05-23,49.047
2002-05-24,48.989
2002-05-27,48.95
2002-05-28,48.97
2002-05-29,48.957
2002-05-30,48.962
2002-05-31,48.978
2002-06-03,49.028
2002-06-04,49.044
2002-06-05,49.013
2002-06-06,49.002
2002-06-07,49.0
2002-06-10,48.97
2002-06-11,48.971
2002-06-12,48.976
2002-06-13,48.98
2002-06-14,48.983
2002-06-17,48.965
2002-06-18,48.986
2002-06-19,48.917
2002-06-20,48.895
2002-06-21,48.919
2002-06-24,48.938
2002-06-25,48.865
2002-06-26,48.803
2002-06-27,48.84
2002-06-28,48.865
2002-07-01,48.791
2002-07-02,48.753
2002-07-03,48.798
2002-07-04,48.791
2002-07-05,48.866
2002-07-08,48.793
2002-07-09,48.803
2002-07-10,48.68
2002-07-11,48.804
2002-07-12,48.777
2002-07-15,48.781
2002-07-16,48.764
2002-07-17,48.807
2002-07-18,48.753
2002-07-19,48.733
2002-07-22,48.692
2002-07-23,48.655
2002-07-24,48.668
2002-07-25,48.648
2002-07-26,48.633
2002-07-29,48.755
2002-07-30,48.71
2002-07-31,48.637
2002-08-01,48.588
2002-08-02,48.645
2002-08-05,48.62
2002-08-06,48.685
2002-08-07,48.628
2002-08-08,48.643
2002-08-09,48.598
2002-08-12,48.623
2002-08-13,48.595
2002-08-14,48.607
2002-08-15,48.617
2002-08-16,48.563
2002-08-19,48.558
2002-08-20,48.548
2002-08-21,48.555
2002-08-22,48.497
2002-08-23,48.503
2002-08-26,48.47
2002-08-27,48.486
2002-08-28,48.448
2002-08-29,48.492
2002-08-30,48.453
2002-09-02,48.462
2002-09-03,48.445
2002-09-04,48.448
2002-09-05,48.438
2002-09-06,48.642
2002-09-09,48.45
2002-09-10,48.477
2002-09-11,48.417
2002-09-12,48.431
2002-09-13,48.458
2002-09-16,48.378
2002-09-17,48.421
2002-09-18,48.393
2002-09-19,48.331
2002-09-20,48.408
2002-09-23,48.401
2002-09-24,48.311
2002-09-25,48.343
2002-09-26,48.357
2002-09-27,48.342
2002-09-30,48.353
2002-10-01,48.333
2002-10-02,48.334
2002-10-03,48.333
2002-10-04,48.323
2002-10-07,48.303
2002-10-08,48.318
2002-10-09,48.302
2002-10-10,48.318
2002-10-11,48.318
2002-10-14,48.293
2002-10-15,48.275
2002-10-16,48.363
2002-10-17,48.357
2002-10-18,48.408
2002-10-21,48.347
2002-10-22,48.337
2002-10-23,48.336
2002-10-24,48.375
2002-10-25,48.341
2002-10-28,48.4
2002-10-29,48.333
2002-10-30,48.37
2002-10-31,48.342
2002-11-01,48.27
2002-11-04,48.302
2002-11-05,48.283
2002-11-06,48.317
2002-11-07,48.276
2002-11-08,48.207
2002-11-11,48.272
2002-11-12,48.26
2002-11-13,48.268
2002-11-14,48.245
2002-11-15,48.197
2002-11-18,48.197
2002-11-19,48.166
2002-11-20,48.185
2002-11-21,48.097
2002-11-22,48.192
2002-11-25,48.183
2002-11-26,48.186
2002-11-27,48.225
2002-11-28,48.297
2002-11-29,48.313
2002-12-02,48.302
2002-12-03,48.23
2002-12-04,48.192
2002-12-05,48.304
2002-12-06,48.178
2002-12-09,48.198
2002-12-10,48.202
2002-12-11,48.222
2002-12-12,48.156
2002-12-13,48.153
2002-12-16,48.127
2002-12-17,48.118
2002-12-18,48.188
2002-12-19,48.068
2002-12-20,48.008
2002-12-23,47.996
2002-12-24,47.979
2002-12-27,47.971
2002-12-30,47.922
2002-12-31,47.957
2003-01-02,48.049
2003-01-03,47.997
2003-01-06,47.951
2003-01-07,47.966
2003-01-08,47.948
2003-01-09,47.918
2003-01-10,47.945
2003-01-13,47.947
2003-01-14,47.912
2003-01-15,47.922
2003-01-16,47.934
2003-01-17,47.904
2003-01-20,47.909
2003-01-21,47.923
2003-01-22,47.815
2003-01-23,47.877
2003-01-24,47.862
2003-01-27,47.882
2003-01-28,47.886
2003-01-29,47.784
2003-01-30,47.848
2003-01-31,47.763
2003-02-03,47.746
2003-02-04,47.77
2003-02-05,47.701
2003-02-06,47.719
2003-02-07,47.679
2003-02-10,47.642
2003-02-11,47.699
2003-02-12,47.856
2003-02-13,47.822
2003-02-14,47.862
2003-02-17,47.787
2003-02-18,47.667
2003-02-19,47.652
2003-02-20,47.72
2003-02-21,47.628
2003-02-24,47.783
2003-02-25,47.664
2003-02-26,47.618
2003-02-27,47.64
2003-02-28,47.616
2003-03-03,47.611
2003-03-04,47.585
2003-03-05,47.592
2003-03-06,47.565
2003-03-07,47.64
2003-03-10,47.648
2003-03-11,47.647
2003-03-12,47.705
2003-03-13,47.608
2003-03-14,47.612
2003-03-17,47.628
2003-03-18,47.674
2003-03-19,47.646
2003-03-20,47.783
2003-03-21,47.682
2003-03-24,47.635
2003-03-25,47.551
2003-03-26,47.543
2003-03-27,47.54
2003-03-28,47.502
2003-03-31,47.48
2003-04-01,47.453
2003-04-02,47.378
2003-04-03,47.351
2003-04-04,47.429
2003-04-07,47.404
2003-04-08,47.39
2003-04-09,47.446
2003-04-10,47.348
2003-04-11,47.359
2003-04-14,47.346
2003-04-15,47.306
2003-04-16,47.298
2003-04-17,47.306
2003-04-22,47.383
2003-04-23,47.338
2003-04-24,47.302
2003-04-25,47.374
2003-04-28,47.333
2003-04-29,47.394
2003-04-30,47.324
2003-05-02,47.26
2003-05-05,47.301
2003-05-06,47.241
2003-05-07,47.203
2003-05-08,47.267
2003-05-09,47.15
2003-05-12,47.15
2003-05-13,47.149
2003-05-14,47.148
2003-05-15,47.129
2003-05-16,47.147
2003-05-19,46.93
2003-05-20,46.876
2003-05-21,46.838
2003-05-22,46.882
2003-05-23,46.878
2003-05-26,46.892
2003-05-27,46.842
2003-05-28,46.942
2003-05-29,47.03
2003-05-30,47.076
2003-06-02,47.162
2003-06-03,46.956
2003-06-04,46.862
2003-06-05,46.88
2003-06-06,46.729
2003-06-09,46.851
2003-06-10,46.74
2003-06-11,46.649
2003-06-12,46.638
2003-06-13,46.664
2003-06-16,46.659
2003-06-17,46.53
2003-06-18,46.579
2003-06-19,46.556
2003-06-20,46.554
2003-06-23,46.622
2003-06-24,46.519
2003-06-25,46.562
2003-06-26,46.516
2003-06-27,46.363
2003-06-30,46.418
2003-07-01,46.402
2003-07-02,46.361
2003-07-03,46.346
2003-07-04,46.322
2003-07-07,46.282
2003-07-08,46.28
2003-07-09,46.201
2003-07-10,46.19
2003-07-11,46.058
2003-07-14,46.016
2003-07-15,46.094
2003-07-16,46.155
2003-07-17,46.23
2003-07-18,46.228
2003-07-21,46.234
2003-07-22,46.227
2003-07-23,46.102
2003-07-24,46.132
2003-07-25,46.102
2003-07-28,46.092
2003-07-29,46.1
2003-07-30,46.064
2003-07-31,46.122
2003-08-01,46.099
2003-08-04,46.125
2003-08-05,46.114
2003-08-06,46.117
2003-08-07,45.924
2003-08-08,45.972
2003-08-11,45.934
2003-08-12,45.84
2003-08-13,45.87
2003-08-14,45.872
2003-08-15,45.89
2003-08-18,45.818
2003-08-19,45.808
2003-08-20,45.813
2003-08-21,45.829
2003-08-22,45.828
2003-08-25,45.861
2003-08-26,45.788
2003-08-27,45.784
2003-08-28,45.858
2003-08-29,45.857
2003-09-01,45.863
2003-09-02,45.792
2003-09-03,45.882
2003-09-04,45.914
2003-09-05,45.838
2003-09-08,45.822
2003-09-09,45.778
2003-09-10,45.714
2003-09-11,45.7
2003-09-12,45.758
2003-09-15,45.798
2003-09-16,45.858
2003-09-17,45.965
2003-09-18,45.938
2003-09-19,45.931
2003-09-22,45.306
2003-09-23,45.756
2003-09-24,45.756
2003-09-25,45.753
2003-09-26,45.807
2003-09-29,45.835
2003-09-30,45.742
2003-10-01,45.53
2003-10-02,45.513
2003-10-03,45.411
2003-10-06,45.424
2003-10-07,45.296
2003-10-08,45.354
2003-10-09,45.223
2003-10-10,45.346
2003-10-13,45.386
2003-10-14,45.671
2003-10-15,45.697
2003-10-16,45.257
2003-10-17,45.342
2003-10-20,45.346
2003-10-21,45.314
2003-10-22,45.356
2003-10-23,45.284
2003-10-24,45.283
2003-10-27,45.34
2003-10-28,45.314
2003-10-29,45.298
2003-10-30,45.287
2003-10-31,45.33
2003-11-03,45.286
2003-11-04,45.277
2003-11-05,45.254
2003-11-06,45.248
2003-11-07,45.23
2003-11-10,45.208
2003-11-11,45.25
2003-11-12,45.298
2003-11-13,45.394
2003-11-14,45.387
2003-11-17,45.492
2003-11-18,45.636
2003-11-19,45.621
2003-11-20,45.77
2003-11-21,45.716
2003-11-24,45.826
2003-11-25,45.897
2003-11-26,45.864
2003-11-27,45.89
2003-11-28,45.826
2003-12-01,45.675
2003-12-02,45.662
2003-12-03,45.591
2003-12-04,45.584
2003-12-05,45.572
2003-12-08,45.476
2003-12-09,45.505
2003-12-10,45.441
2003-12-11,45.497
2003-12-12,45.495
2003-12-15,45.53
2003-12-16,45.517
2003-12-17,45.48
2003-12-18,45.504
2003-12-19,45.483
2003-12-22,45.524
2003-12-23,45.472
2003-12-24,45.548
2003-12-29,45.213
2003-12-30,45.552
2003-12-31,45.588
2004-01-02,45.621
2004-01-05,45.602
2004-01-06,45.564
2004-01-07,45.571
2004-01-08,45.482
2004-01-09,45.52
2004-01-12,45.404
2004-01-13,45.368
2004-01-14,45.415
2004-01-15,45.41
2004-01-16,45.381
2004-01-19,45.396
2004-01-20,45.391
2004-01-21,45.371
2004-01-22,45.003
2004-01-23,45.344
2004-01-26,45.33
2004-01-27,45.327
2004-01-28,45.326
2004-01-29,45.318
2004-01-30,45.296
2004-02-02,45.274
2004-02-03,45.276
2004-02-04,45.284
2004-02-05,45.268
2004-02-06,45.301
2004-02-09,45.221
2004-02-10,45.185
2004-02-11,45.229
2004-02-12,45.191
2004-02-13,45.202
2004-02-16,45.244
2004-02-17,45.295
2004-02-18,45.228
2004-02-19,45.584
2004-02-20,45.197
2004-02-23,45.228
2004-02-24,45.254
2004-02-25,45.192
2004-02-26,45.222
2004-02-27,45.204
2004-03-01,45.182
2004-03-02,45.229
2004-03-03,45.238
2004-03-04,45.3
2004-03-05,45.273
2004-03-08,45.18
2004-03-09,45.254
2004-03-10,45.217
2004-03-11,45.268
2004-03-12,45.205
2004-03-15,45.223
2004-03-16,45.173
2004-03-17,45.188
2004-03-18,45.19
2004-03-19,45.138
2004-03-22,45.053
2004-03-23,44.818
2004-03-24,44.727
2004-03-25,44.671
2004-03-26,44.397
2004-03-29,44.049
2004-03-30,44.093
2004-03-31,43.509
2004-04-01,43.386
2004-04-02,43.731
2004-04-05,43.666
2004-04-06,43.743
2004-04-07,43.564
2004-04-08,43.646
2004-04-13,43.766
2004-04-14,43.776
2004-04-15,44.002
2004-04-16,43.879
2004-04-19,43.836
2004-04-20,43.947
2004-04-21,44.002
2004-04-22,44.071
2004-04-23,44.056
2004-04-26,44.096
2004-04-27,44.146
2004-04-28,44.143
2004-04-29,44.353
2004-04-30,44.502
2004-05-03,44.723
2004-05-04,44.67
2004-05-05,44.578
2004-05-06,44.604
2004-05-07,44.656
2004-05-10,45.006
2004-05-11,45.39
2004-05-12,45.406
2004-05-13,45.231
2004-05-14,45.608
2004-05-17,45.45
2004-05-18,45.416
2004-05-19,45.158
2004-05-20,45.332
2004-05-21,44.921
2004-05-24,45.312
2004-05-25,45.312
2004-05-26,45.321
2004-05-27,45.35
2004-05-28,45.392
2004-05-31,45.499
2004-06-01,45.372
2004-06-02,45.322
2004-06-03,45.268
2004-06-04,45.127
2004-06-07,44.986
2004-06-08,45.018
2004-06-09,44.911
2004-06-10,45.056
2004-06-11,45.087
2004-06-14,45.327
2004-06-15,45.374
2004-06-16,45.325
2004-06-17,45.495
2004-06-18,45.658
2004-06-21,45.902
2004-06-22,46.182
2004-06-23,45.662
2004-06-24,45.842
2004-06-25,45.769
2004-06-28,45.937
2004-06-29,46.016
2004-06-30,45.972
2004-07-01,45.881
2004-07-02,45.82
2004-07-05,45.801
2004-07-06,45.983
2004-07-07,45.786
2004-07-08,45.722
2004-07-09,45.609
2004-07-12,45.687
2004-07-13,45.799
2004-07-14,45.889
2004-07-15,46.108
2004-07-16,45.953
2004-07-19,46.084
2004-07-20,46.106
2004-07-21,46.117
2004-07-22,46.286
2004-07-23,46.343
2004-07-26,46.285
2004-07-27,46.236
2004-07-28,46.25
2004-07-29,46.422
2004-07-30,46.388
2004-08-02,46.284
2004-08-03,46.317
2004-08-04,46.314
2004-08-05,46.31
2004-08-06,46.383
2004-08-09,46.42
2004-08-10,46.272
2004-08-11,46.246
2004-08-12,46.22
2004-08-13,46.298
2004-08-16,46.419
2004-08-17,46.324
2004-08-18,46.289
2004-08-19,46.254
2004-08-20,46.186
2004-08-23,46.202
2004-08-24,46.252
2004-08-25,46.37
2004-08-26,46.279
2004-08-27,46.256
2004-08-30,46.285
2004-08-31,46.336
2004-09-01,46.28
2004-09-02,46.252
2004-09-03,46.229
2004-09-06,46.337
2004-09-07,46.298
2004-09-08,46.254
2004-09-09,46.31
2004-09-10,46.208
2004-09-13,46.092
2004-09-14,45.903
2004-09-15,45.802
2004-09-16,45.874
2004-09-17,45.867
2004-09-20,45.818
2004-09-21,45.842
2004-09-22,45.793
2004-09-23,45.846
2004-09-24,45.902
2004-09-27,45.875
2004-09-28,46.111
2004-09-29,45.938
2004-09-30,45.842
2004-10-01,45.85
2004-10-04,45.789
2004-10-05,45.809
2004-10-06,45.8
2004-10-07,45.791
2004-10-08,45.748
2004-10-11,45.779
2004-10-12,45.876
2004-10-13,45.78
2004-10-14,45.796
2004-10-15,45.813
2004-10-18,45.809
2004-10-19,45.745
2004-10-20,45.708
2004-10-21,45.725
2004-10-22,45.727
2004-10-25,45.586
2004-10-26,45.616
2004-10-27,45.549
2004-10-28,45.839
2004-10-29,45.32
2004-11-01,45.338
2004-11-02,45.514
2004-11-03,45.319
2004-11-04,45.115
2004-11-05,45.183
2004-11-08,45.1
2004-11-09,45.175
2004-11-10,45.159
2004-11-11,45.164
2004-11-12,45.037
2004-11-15,45.064
2004-11-16,45.079
2004-11-17,45.051
2004-11-18,45.004
2004-11-19,45.012
2004-11-22,44.977
2004-11-23,44.968
2004-11-24,45.07
2004-11-25,45.044
2004-11-26,45.008
2004-11-29,44.735
2004-11-30,44.596
2004-12-01,44.4
2004-12-02,44.119
2004-12-03,44.135
2004-12-06,43.5
2004-12-07,43.731
2004-12-08,43.962
2004-12-09,44.175
2004-12-10,44.665
2004-12-13,44.181
2004-12-14,44.119
2004-12-15,44.06
2004-12-16,43.871
2004-12-17,43.91
2004-12-20,43.856
2004-12-21,43.707
2004-12-22,43.862
2004-12-23,43.688
2004-12-24,43.686
2004-12-27,43.795
2004-12-28,43.733
2004-12-29,43.736
2004-12-30,43.731
2004-12-31,43.506
2005-01-03,43.454
2005-01-04,43.552
2005-01-05,43.804
2005-01-06,43.905
2005-01-07,43.837
2005-01-10,43.804
2005-01-11,43.802
2005-01-12,43.727
2005-01-13,43.625
2005-01-14,43.664
2005-01-17,43.625
2005-01-18,43.697
2005-01-19,43.732
2005-01-20,43.742
2005-01-21,43.747
2005-01-24,43.767
2005-01-25,43.793
2005-01-26,43.699
2005-01-27,43.715
2005-01-28,43.695
2005-01-31,43.718
2005-02-01,43.675
2005-02-02,43.429
2005-02-03,43.411
2005-02-04,43.457
2005-02-07,43.479
2005-02-08,43.675
2005-02-09,43.688
2005-02-10,43.801
2005-02-11,43.812
2005-02-14,43.677
2005-02-15,43.75
2005-02-16,43.699
2005-02-17,43.747
2005-02-18,43.854
2005-02-21,43.812
2005-02-22,43.645
2005-02-23,43.727
2005-02-24,43.606
2005-02-25,43.708
2005-02-28,43.637
2005-03-01,43.635
2005-03-02,43.658
2005-03-03,43.708
2005-03-04,43.7
2005-03-07,43.667
2005-03-08,43.661
2005-03-09,43.627
2005-03-10,43.533
2005-03-11,43.51
2005-03-14,43.565
2005-03-15,43.537
2005-03-16,43.559
2005-03-17,43.607
2005-03-18,43.602
2005-03-21,43.723
2005-03-22,43.682
2005-03-23,43.71
2005-03-24,43.708
2005-03-29,43.806
2005-03-30,43.76
2005-03-31,43.723
2005-04-01,43.74
2005-04-04,43.734
2005-04-05,43.742
2005-04-06,43.705
2005-04-07,43.704
2005-04-08,43.723
2005-04-11,43.708
2005-04-12,43.69
2005-04-13,43.762
2005-04-14,43.725
2005-04-15,43.759
2005-04-18,43.75
2005-04-19,43.739
2005-04-20,43.685
2005-04-21,43.722
2005-04-22,43.697
2005-04-25,43.667
2005-04-26,43.612
2005-04-27,43.732
2005-04-28,43.652
2005-04-29,43.457
2005-05-02,43.578
2005-05-03,43.599
2005-05-04,43.48
2005-05-05,43.426
2005-05-06,43.437
2005-05-09,43.447
2005-05-10,43.451
2005-05-11,43.273
2005-05-12,43.299
2005-05-13,43.365
2005-05-16,43.506
2005-05-17,43.49
2005-05-18,43.462
2005-05-19,43.466
2005-05-20,43.466
2005-05-23,43.522
2005-05-24,43.51
2005-05-25,43.54
2005-05-26,43.522
2005-05-27,43.526
2005-05-30,43.588
2005-05-31,43.746
2005-06-01,43.748
2005-06-02,43.657
2005-06-03,43.615
2005-06-06,43.586
2005-06-07,43.505
2005-06-08,43.475
2005-06-09,43.478
2005-06-10,43.542
2005-06-13,43.606
2005-06-14,43.605
2005-06-15,43.625
2005-06-16,43.459
2005-06-17,43.558
2005-06-20,43.575
2005-06-21,43.602
2005-06-22,43.543
2005-06-23,43.565
2005-06-24,43.535
2005-06-27,43.51
2005-06-28,43.458
2005-06-29,43.565
2005-06-30,43.528
2005-07-01,43.487
2005-07-04,43.543
2005-07-05,43.548
2005-07-06,43.592
2005-07-07,43.6
2005-07-08,43.614
2005-07-11,43.552
2005-07-12,43.539
2005-07-13,43.539
2005-07-14,43.556
2005-07-15,43.506
2005-07-18,43.533
2005-07-19,43.56
2005-07-20,43.512
2005-07-21,43.23
2005-07-22,43.481
2005-07-25,43.551
2005-07-26,43.465
2005-07-27,43.401
2005-07-28,43.396
2005-07-29,43.504
2005-08-01,43.359
2005-08-02,43.544
2005-08-03,43.46
2005-08-04,43.491
2005-08-05,43.457
2005-08-08,43.527
2005-08-09,43.538
2005-08-10,43.526
2005-08-11,43.556
2005-08-12,43.56
2005-08-15,43.529
2005-08-16,43.525
2005-08-17,43.507
2005-08-18,43.581
2005-08-19,43.585
2005-08-22,43.624
2005-08-23,43.659
2005-08-24,43.698
2005-08-25,43.682
2005-08-26,43.705
2005-08-29,43.905
2005-08-30,44.037
2005-08-31,44.084
2005-09-01,43.976
2005-09-02,43.869
2005-09-05,43.822
2005-09-06,43.863
2005-09-07,43.849
2005-09-08,43.823
2005-09-09,43.799
2005-09-12,43.72
2005-09-13,43.897
2005-09-14,43.904
2005-09-15,43.888
2005-09-16,43.889
2005-09-19,43.91
2005-09-20,43.877
2005-09-21,43.852
2005-09-22,43.929
2005-09-23,43.908
2005-09-26,43.971
2005-09-27,44.042
2005-09-28,44.032
2005-09-29,43.968
2005-09-30,43.925
2005-10-03,44.105
2005-10-04,44.218
2005-10-05,44.26
2005-10-06,44.326
2005-10-07,44.345
2005-10-10,44.753
2005-10-11,44.958
2005-10-12,44.787
2005-10-13,44.963
2005-10-14,44.807
2005-10-17,44.936
2005-10-18,45.185
2005-10-19,45.153
2005-10-20,45.236
2005-10-21,45.024
2005-10-24,45.162
2005-10-25,45.084
2005-10-26,45.047
2005-10-27,45.051
2005-10-28,45.055
2005-10-31,45.104
2005-11-01,45.083
2005-11-02,45.248
2005-11-03,45.271
2005-11-04,45.493
2005-11-07,45.877
2005-11-08,45.775
2005-11-09,45.774
2005-11-10,45.703
2005-11-11,45.687
2005-11-14,45.687
2005-11-15,45.642
2005-11-16,45.748
2005-11-17,45.702
2005-11-18,45.739
2005-11-21,45.746
2005-11-22,45.811
2005-11-23,45.73
2005-11-24,45.718
2005-11-25,45.796
2005-11-28,45.965
2005-11-29,45.874
2005-11-30,45.906
2005-12-01,45.999
2005-12-02,46.167
2005-12-05,46.334
2005-12-06,46.168
2005-12-07,46.222
2005-12-08,46.246
2005-12-09,46.182
2005-12-12,46.082
2005-12-13,46.104
2005-12-14,45.691
2005-12-15,45.36
2005-12-16,45.314
2005-12-19,45.018
2005-12-20,45.144
2005-12-21,45.189
2005-12-22,45.184
2005-12-23,45.122
2005-12-27,45.266
2005-12-28,45.12
2005-12-29,45.153
2005-12-30,45.022
2006-01-02,45.091
2006-01-03,45.02
2006-01-04,44.755
2006-01-05,44.618
2006-01-06,44.574
2006-01-09,44.261
2006-01-10,44.246
2006-01-11,44.008
2006-01-12,44.106
2006-01-13,44.205
2006-01-16,44.223
2006-01-17,44.311
2006-01-18,44.369
2006-01-19,44.294
2006-01-20,44.233
2006-01-23,44.205
2006-01-24,44.228
2006-01-25,44.14
2006-01-26,44.034
2006-01-27,44.1
2006-01-30,44.102
2006-01-31,44.07
2006-02-01,44.209
2006-02-02,44.216
2006-02-03,44.183
2006-02-06,44.167
2006-02-07,44.182
2006-02-08,44.199
2006-02-09,44.122
2006-02-10,44.147
2006-02-13,44.2
2006-02-14,44.17
2006-02-15,44.25
2006-02-16,44.298
2006-02-17,44.401
2006-02-20,44.368
2006-02-21,44.392
2006-02-22,44.58
2006-02-23,44.392
2006-02-24,44.378
2006-02-27,44.455
2006-02-28,44.251
2006-03-01,44.296
2006-03-02,44.287
2006-03-03,44.177
2006-03-06,44.239
2006-03-07,44.26
2006-03-08,44.308
2006-03-09,44.328
2006-03-10,44.427
2006-03-13,44.414
2006-03-14,44.387
2006-03-15,44.26
2006-03-16,44.429
2006-03-17,44.376
2006-03-20,44.356
2006-03-21,44.309
2006-03-22,44.394
2006-03-23,44.436
2006-03-24,44.576
2006-03-27,44.664
2006-03-28,44.618
2006-03-29,44.648
2006-03-30,44.552
2006-03-31,44.607
2006-04-03,44.517
2006-04-04,44.655
2006-04-05,44.653
2006-04-06,44.475
2006-04-07,44.64
2006-04-10,44.786
2006-04-11,44.746
2006-04-12,45.179
2006-04-13,45.151
2006-04-18,45.176
2006-04-19,45.044
2006-04-20,45.131
2006-04-21,45.138
2006-04-24,44.91
2006-04-25,44.913
2006-04-26,45.106
2006-04-27,44.962
2006-04-28,44.942
2006-05-02,44.895
2006-05-03,44.874
2006-05-04,44.902
2006-05-05,44.868
2006-05-08,44.872
2006-05-09,44.926
2006-05-10,44.882
2006-05-11,44.991
2006-05-12,44.989
2006-05-15,45.392
2006-05-16,45.368
2006-05-17,45.087
2006-05-18,45.285
2006-05-19,45.493
2006-05-22,45.426
2006-05-23,45.395
2006-05-24,45.606
2006-05-25,45.875
2006-05-26,45.874
2006-05-29,46.109
2006-05-30,46.287
2006-05-31,46.284
2006-06-01,46.198
2006-06-02,45.857
2006-06-05,45.769
2006-06-06,45.808
2006-06-07,45.853
2006-06-08,45.823
2006-06-09,45.812
2006-06-12,45.857
2006-06-13,45.915
2006-06-14,45.877
2006-06-15,45.991
2006-06-16,45.781
2006-06-19,45.841
2006-06-20,45.814
2006-06-21,45.886
2006-06-22,45.999
2006-06-23,46.023
2006-06-26,46.374
2006-06-27,46.322
2006-06-28,46.235
2006-06-29,46.224
2006-06-30,45.955
2006-07-03,46.076
2006-07-04,45.948
2006-07-05,46.004
2006-07-06,46.083
2006-07-07,45.94
2006-07-10,45.985
2006-07-11,46.047
2006-07-12,46.195
2006-07-13,46.216
2006-07-14,46.382
2006-07-17,46.726
2006-07-18,46.65
2006-07-19,46.998
2006-07-20,46.752
2006-07-21,46.7
2006-07-24,46.884
2006-07-25,46.806
2006-07-26,46.759
2006-07-27,46.588
2006-07-28,46.687
2006-07-31,46.531
2006-08-01,46.567
2006-08-02,46.701
2006-08-03,46.557
2006-08-04,46.564
2006-08-07,46.55
2006-08-08,46.501
2006-08-09,46.47
2006-08-10,46.327
2006-08-11,46.497
2006-08-14,46.599
2006-08-15,46.545
2006-08-16,46.547
2006-08-17,46.434
2006-08-18,46.465
2006-08-21,46.442
2006-08-22,46.494
2006-08-23,46.488
2006-08-24,46.476
2006-08-25,46.507
2006-08-28,46.508
2006-08-29,46.442
2006-08-30,46.485
2006-08-31,46.459
2006-09-01,46.448
2006-09-04,46.346
2006-09-05,46.207
2006-09-06,46.102
2006-09-07,46.172
2006-09-08,46.243
2006-09-11,46.202
2006-09-12,46.214
2006-09-13,46.181
2006-09-14,46.076
2006-09-15,46.014
2006-09-18,46.144
2006-09-19,46.015
2006-09-20,45.905
2006-09-21,45.771
2006-09-22,45.824
2006-09-25,45.907
2006-09-26,45.839
2006-09-27,45.897
2006-09-28,45.865
2006-09-29,45.859
2006-10-02,45.776
2006-10-03,45.75
2006-10-04,45.591
2006-10-05,45.557
2006-10-06,45.516
2006-10-09,45.669
2006-10-10,45.696
2006-10-11,45.644
2006-10-12,45.626
2006-10-13,45.39
2006-10-16,45.43
2006-10-17,45.215
2006-10-18,45.312
2006-10-19,45.3
2006-10-20,45.257
2006-10-23,45.319
2006-10-24,45.242
2006-10-25,45.285
2006-10-26,45.26
2006-10-27,45.189
2006-10-30,44.926
2006-10-31,44.957
2006-11-01,44.837
2006-11-02,44.855
2006-11-03,44.758
2006-11-06,44.876
2006-11-07,44.666
2006-11-08,44.627
2006-11-09,44.497
2006-11-10,44.628
2006-11-13,44.91
2006-11-14,45.109
2006-11-15,45.342
2006-11-16,44.852
2006-11-17,44.847
2006-11-20,44.954
2006-11-21,44.785
2006-11-22,44.792
2006-11-23,44.687
2006-11-24,44.624
2006-11-27,44.63
2006-11-28,44.623
2006-11-29,44.639
2006-11-30,44.684
2006-12-01,44.609
2006-12-04,44.527
2006-12-05,44.444
2006-12-06,44.662
2006-12-07,44.605
2006-12-08,44.635
2006-12-11,44.757
2006-12-12,44.801
2006-12-13,44.715
2006-12-14,44.58
2006-12-15,44.609
2006-12-18,44.667
2006-12-19,44.64
2006-12-20,44.639
2006-12-21,44.511
2006-12-22,44.455
2006-12-27,44.228
2006-12-28,44.159
2006-12-29,44.205
2007-01-02,44.19
2007-01-03,44.248
2007-01-04,44.25
2007-01-05,44.26
2007-01-08,44.395
2007-01-09,44.319
2007-01-10,44.463
2007-01-11,44.535
2007-01-12,44.392
2007-01-15,44.28
2007-01-16,44.227
2007-01-17,44.17
2007-01-18,44.166
2007-01-19,44.211
2007-01-22,44.168
2007-01-23,44.18
2007-01-24,44.265
2007-01-25,44.169
2007-01-26,44.134
2007-01-29,44.144
2007-01-30,44.059
2007-01-31,44.107
2007-02-01,44.045
2007-02-02,44.034
2007-02-05,44.082
2007-02-06,44.04
2007-02-07,44.037
2007-02-08,44.067
2007-02-09,44.056
2007-02-12,44.022
2007-02-13,44.132
2007-02-14,43.934
2007-02-15,44.004
2007-02-16,43.865
2007-02-19,44.119
2007-02-20,44.075
2007-02-21,44.138
2007-02-22,44.064
2007-02-23,44.132
2007-02-26,44.049
2007-02-27,44.08
2007-02-28,44.185
2007-03-01,44.1
2007-03-02,44.134
2007-03-05,44.427
2007-03-06,44.205
2007-03-07,44.199
2007-03-08,44.204
2007-03-09,44.11
2007-03-12,44.13
2007-03-13,44.085
2007-03-14,44.153
2007-03-15,44.093
2007-03-16,44.005
2007-03-19,43.987
2007-03-20,43.545
2007-03-21,43.31
2007-03-22,43.511
2007-03-23,43.389
2007-03-26,43.302
2007-03-27,43.053
2007-03-28,42.826
2007-03-29,43.478
2007-03-30,43.274
2007-04-02,43.1
2007-04-03,42.834
2007-04-04,42.94
2007-04-05,42.799
2007-04-10,42.625
2007-04-11,42.7
2007-04-12,42.824
2007-04-13,42.337
2007-04-16,41.778
2007-04-17,41.785
2007-04-18,41.857
2007-04-19,41.914
2007-04-20,41.585
2007-04-23,41.505
2007-04-24,40.756
2007-04-25,40.581
2007-04-26,40.552
2007-04-27,40.811
2007-04-30,41.045
2007-05-02,41.038
2007-05-03,40.859
2007-05-04,40.766
2007-05-07,40.699
2007-05-08,40.662
2007-05-09,40.755
2007-05-10,41.045
2007-05-11,41.071
2007-05-14,40.723
2007-05-15,40.845
2007-05-16,40.57
2007-05-17,40.877
2007-05-18,40.515
2007-05-21,40.483
2007-05-22,40.489
2007-05-23,40.48
2007-05-24,40.456
2007-05-25,40.408
2007-05-28,40.506
2007-05-29,40.485
2007-05-30,40.566
2007-05-31,40.412
2007-06-01,40.517
2007-06-04,40.408
2007-06-05,40.376
2007-06-06,40.594
2007-06-07,40.522
2007-06-08,40.996
2007-06-11,40.702
2007-06-12,40.663
2007-06-13,40.819
2007-06-14,40.788
2007-06-15,40.762
2007-06-18,40.68
2007-06-19,40.719
2007-06-20,40.608
2007-06-21,40.539
2007-06-22,40.716
2007-06-25,40.767
2007-06-26,40.86
2007-06-27,40.909
2007-06-28,40.784
2007-06-29,40.688
2007-07-02,40.631
2007-07-03,40.493
2007-07-04,40.422
2007-07-05,40.388
2007-07-06,40.344
2007-07-09,40.323
2007-07-10,40.352
2007-07-11,40.318
2007-07-12,40.508
2007-07-13,40.281
2007-07-16,40.334
2007-07-17,40.304
2007-07-18,40.317
2007-07-19,40.276
2007-07-20,40.28
2007-07-23,40.206
2007-07-24,40.203
2007-07-25,40.267
2007-07-26,40.272
2007-07-27,40.405
2007-07-30,40.379
2007-07-31,40.237
2007-08-01,40.391
2007-08-02,40.242
2007-08-03,40.3
2007-08-06,40.227
2007-08-07,40.339
2007-08-08,40.513
2007-08-09,40.497
2007-08-10,40.481
2007-08-13,40.598
2007-08-14,40.563
2007-08-15,40.585
2007-08-16,41.167
2007-08-17,41.128
2007-08-20,41.039
2007-08-21,41.048
2007-08-22,40.826
2007-08-23,40.866
2007-08-24,41.06
2007-08-27,41.024
2007-08-28,40.987
2007-08-29,41.084
2007-08-30,41.128
2007-08-31,40.695
2007-09-03,40.699
2007-09-04,40.797
2007-09-05,40.946
2007-09-06,40.745
2007-09-07,40.613
2007-09-10,40.47
2007-09-11,40.486
2007-09-12,40.375
2007-09-13,40.396
2007-09-14,40.414
2007-09-17,40.509
2007-09-18,40.303
2007-09-19,40.137
2007-09-20,39.687
2007-09-21,39.726
2007-09-24,39.725
2007-09-25,39.563
2007-09-26,39.676
2007-09-27,39.614
2007-09-28,39.752
2007-10-01,39.807
2007-10-02,39.66
2007-10-03,39.391
2007-10-04,39.305
2007-10-05,39.477
2007-10-08,39.439
2007-10-09,39.248
2007-10-10,39.121
2007-10-11,39.307
2007-10-12,39.169
2007-10-15,39.117
2007-10-16,39.348
2007-10-17,39.538
2007-10-18,39.582
2007-10-19,39.548
2007-10-22,39.864
2007-10-23,39.571
2007-10-24,39.397
2007-10-25,39.354
2007-10-26,39.251
2007-10-29,39.3
2007-10-30,39.21
2007-10-31,39.243
2007-11-01,39.235
2007-11-02,39.29
2007-11-05,39.275
2007-11-06,39.207
2007-11-07,39.207
2007-11-08,39.247
2007-11-09,39.069
2007-11-12,39.278
2007-11-13,39.343
2007-11-14,39.219
2007-11-15,39.216
2007-11-16,39.249
2007-11-19,39.251
2007-11-20,39.274
2007-11-21,39.307
2007-11-22,39.485
2007-11-23,39.629
2007-11-26,39.588
2007-11-27,39.63
2007-11-28,39.713
2007-11-29,39.675
2007-11-30,39.538
2007-12-03,39.412
2007-12-04,39.336
2007-12-05,39.412
2007-12-06,39.428
2007-12-07,39.407
2007-12-10,39.314
2007-12-11,39.259
2007-12-12,39.305
2007-12-13,39.314
2007-12-14,39.299
2007-12-17,39.493
2007-12-18,39.501
2007-12-19,39.51
2007-12-20,39.444
2007-12-21,39.317
2007-12-24,39.348
2007-12-27,39.269
2007-12-28,39.324
2007-12-31,39.306
2008-01-02,39.314
2008-01-03,39.273
2008-01-04,39.242
2008-01-07,39.182
2008-01-08,39.164
2008-01-09,39.177
2008-01-10,39.169
2008-01-11,39.179
2008-01-14,39.176
2008-01-15,39.167
2008-01-16,39.192
2008-01-17,39.168
2008-01-18,39.216
2008-01-21,39.484
2008-01-22,39.369
2008-01-23,39.515
2008-01-24,39.38
2008-01-25,39.322
2008-01-28,39.286
2008-01-29,39.336
2008-01-30,39.31
2008-01-31,39.342
2008-02-01,39.138
2008-02-04,39.375
2008-02-05,39.464
2008-02-06,39.425
2008-02-07,39.451
2008-02-08,39.556
2008-02-11,39.686
2008-02-12,39.666
2008-02-13,39.676
2008-02-14,39.519
2008-02-15,39.568
2008-02-18,39.689
2008-02-19,39.826
2008-02-20,40.115
2008-02-21,39.845
2008-02-22,39.967
2008-02-25,39.866
2008-02-26,39.816
2008-02-27,39.697
2008-02-28,39.788
2008-02-29,39.937
2008-03-03,40.283
2008-03-04,40.228
2008-03-05,40.265
2008-03-06,40.153
2008-03-07,40.407
2008-03-10,40.404
2008-03-11,40.259
2008-03-12,40.061
2008-03-13,40.16
2008-03-14,40.188
2008-03-17,40.54
2008-03-18,40.278
2008-03-19,40.227
2008-03-20,40.381
2008-03-25,39.975
2008-03-26,39.988
2008-03-27,39.91
2008-03-28,39.847
2008-03-31,40.02
2008-04-01,39.98
2008-04-02,39.877
2008-04-03,39.947
2008-04-04,39.904
2008-04-07,39.965
2008-04-08,39.934
2008-04-09,39.884
2008-04-10,39.954
2008-04-11,39.852
2008-04-14,39.885
2008-04-15,39.967
2008-04-16,39.939
2008-04-17,39.892
2008-04-18,39.763
2008-04-21,39.897
2008-04-22,39.967
2008-04-23,39.941
2008-04-24,40.184
2008-04-25,40.095
2008-04-28,40.208
2008-04-29,40.387
2008-04-30,40.492
2008-05-02,40.694
2008-05-05,40.613
2008-05-06,40.945
2008-05-07,41.266
2008-05-08,41.673
2008-05-09,41.483
2008-05-12,41.986
2008-05-13,42.111
2008-05-14,42.347
2008-05-15,42.632
2008-05-16,42.537
2008-05-19,42.429
2008-05-20,42.616
2008-05-21,42.735
2008-05-22,42.861
2008-05-23,42.707
2008-05-26,42.609
2008-05-27,42.856
2008-05-28,42.646
2008-05-29,42.682
2008-05-30,42.459
2008-06-02,42.397
2008-06-03,42.614
2008-06-04,42.672
2008-06-05,42.901
2008-06-06,42.65
2008-06-09,42.787
2008-06-10,42.969
2008-06-11,42.819
2008-06-12,42.833
2008-06-13,42.908
2008-06-16,42.961
2008-06-17,42.78
2008-06-18,42.808
2008-06-19,42.957
2008-06-20,42.906
2008-06-23,42.966
2008-06-24,42.876
2008-06-25,42.644
2008-06-26,42.604
2008-06-27,42.79
2008-06-30,42.929
2008-07-01,43.242
2008-07-02,43.184
2008-07-03,43.303
2008-07-04,43.145
2008-07-07,43.286
2008-07-08,43.288
2008-07-09,43.11
2008-07-10,43.003
2008-07-11,42.769
2008-07-14,42.809
2008-07-15,43.128
2008-07-16,42.959
2008-07-17,42.824
2008-07-18,42.668
2008-07-21,42.741
2008-07-22,42.703
2008-07-23,42.011
2008-07-24,42.131
2008-07-25,42.264
2008-07-28,42.544
2008-07-29,42.644
2008-07-30,42.377
2008-07-31,42.5
2008-08-01,42.358
2008-08-04,42.426
2008-08-05,42.247
2008-08-06,42.08
2008-08-07,41.987
2008-08-08,42.061
2008-08-11,42.17
2008-08-12,42.381
2008-08-13,42.632
2008-08-14,42.926
2008-08-15,42.685
2008-08-18,43.586
2008-08-19,43.528
2008-08-20,43.708
2008-08-21,43.42
2008-08-22,43.354
2008-08-25,43.72
2008-08-26,43.839
2008-08-27,43.647
2008-08-28,43.73
2008-08-29,43.766
2008-09-01,44.18
2008-09-02,44.499
2008-09-03,43.96
2008-09-04,44.431
2008-09-05,44.659
2008-09-08,44.598
2008-09-09,44.755
2008-09-10,45.116
2008-09-11,45.511
2008-09-12,45.746
2008-09-15,45.94
2008-09-16,46.743
2008-09-17,46.171
2008-09-18,46.309
2008-09-19,45.75
2008-09-22,45.474
2008-09-23,45.664
2008-09-24,45.961
2008-09-25,46.109
2008-09-26,46.431
2008-09-29,46.982
2008-09-30,46.476
2008-10-01,46.622
2008-10-02,46.247
2008-10-03,47.063
2008-10-06,47.632
2008-10-07,47.776
2008-10-08,47.872
2008-10-09,47.553
2008-10-10,48.447
2008-10-13,48.061
2008-10-14,48.054
2008-10-15,48.396
2008-10-16,48.683
2008-10-17,48.894
2008-10-20,49.023
2008-10-21,48.852
2008-10-22,49.256
2008-10-23,49.692
2008-10-24,49.868
2008-10-27,49.888
2008-10-28,49.912
2008-10-29,49.373
2008-10-30,49.323
2008-10-31,49.35
2008-11-03,48.453
2008-11-04,47.561
2008-11-05,47.377
2008-11-06,47.616
2008-11-07,47.545
2008-11-10,47.296
2008-11-11,48.014
2008-11-12,49.22
2008-11-13,48.687
2008-11-14,48.7
2008-11-17,49.056
2008-11-18,49.446
2008-11-19,49.768
2008-11-20,50.046
2008-11-21,49.794
2008-11-24,49.951
2008-11-25,49.683
2008-11-26,49.198
2008-11-27,49.067
2008-11-28,49.769
2008-12-01,49.927
2008-12-02,49.994
2008-12-03,49.815
2008-12-04,49.651
2008-12-05,49.436
2008-12-08,49.448
2008-12-09,49.195
2008-12-10,48.579
2008-12-11,48.032
2008-12-12,48.13
2008-12-15,47.751
2008-12-16,47.911
2008-12-17,47.563
2008-12-18,46.76
2008-12-19,47.05
2008-12-22,47.752
2008-12-23,48.556
2008-12-24,47.772
2008-12-29,48.098
2008-12-30,48.13
2008-12-31,48.457
2009-01-02,48.41
2009-01-05,48.515
2009-01-06,48.625
2009-01-07,48.815
2009-01-08,48.415
2009-01-09,48.185
2009-01-12,48.845
2009-01-13,48.925
2009-01-14,48.605
2009-01-15,48.78
2009-01-16,48.53
2009-01-19,48.62
2009-01-20,49.14
2009-01-21,49.21
2009-01-22,48.925
2009-01-23,49.16
2009-01-26,48.57
2009-01-27,48.775
2009-01-28,48.925
2009-01-29,48.72
2009-01-30,48.69
2009-02-02,48.64
2009-02-03,48.4
2009-02-04,48.57
2009-02-05,48.66
2009-02-06,48.525
2009-02-09,48.6
2009-02-10,48.665
2009-02-11,48.66
2009-02-12,48.59
2009-02-13,48.425
2009-02-16,48.62
2009-02-17,49.435
2009-02-18,49.68
2009-02-19,49.685
2009-02-20,49.625
2009-02-23,49.825
2009-02-24,49.918
2009-02-25,49.84
2009-02-26,50.395
2009-02-27,51.07
2009-03-02,51.885
2009-03-03,51.97
2009-03-04,51.535
2009-03-05,51.77
2009-03-06,51.695
2009-03-09,51.87
2009-03-10,51.56
2009-03-11,51.16
2009-03-12,51.89
2009-03-13,51.495
2009-03-16,51.4
2009-03-17,51.41
2009-03-18,51.29
2009-03-19,50.31
2009-03-20,50.57
2009-03-23,50.379
2009-03-24,50.72
2009-03-25,50.67
2009-03-26,50.155
2009-03-27,50.645
2009-03-30,51.515
2009-03-31,50.64
2009-04-01,50.57
2009-04-02,50.35
2009-04-03,50.08
2009-04-06,50.0
2009-04-07,50.02
2009-04-08,50.19
2009-04-09,49.985
2009-04-14,49.575
2009-04-15,49.675
2009-04-16,49.758
2009-04-17,49.86
2009-04-20,50.18
2009-04-21,50.472
2009-04-22,50.33
2009-04-23,49.935
2009-04-24,49.775
2009-04-27,50.248
2009-04-28,50.517
2009-04-29,50.035
2009-04-30,49.915
2009-05-04,49.91
2009-05-05,49.3
2009-05-06,49.59
2009-05-07,49.1
2009-05-08,49.283
2009-05-11,49.51
2009-05-12,49.317
2009-05-13,49.71
2009-05-14,49.71
2009-05-15,49.393
2009-05-18,47.89
2009-05-19,47.785
2009-05-20,47.42
2009-05-21,47.28
2009-05-22,47.11
2009-05-25,47.305
2009-05-26,47.86
2009-05-27,47.67
2009-05-28,47.61
2009-05-29,47.117
2009-06-01,46.963
2009-06-02,47.016
2009-06-03,47.06
2009-06-04,47.205
2009-06-05,47.112
2009-06-08,47.555
2009-06-09,47.49
2009-06-10,47.33
2009-06-11,47.615
2009-06-12,47.604
2009-06-15,47.715
2009-06-16,47.6
2009-06-17,47.99
2009-06-18,48.11
2009-06-19,48.01
2009-06-22,48.43
2009-06-23,48.553
2009-06-24,48.53
2009-06-25,48.603
2009-06-26,48.1
2009-06-29,48.05
2009-06-30,47.77
2009-07-01,47.895
2009-07-02,47.945
2009-07-03,47.88
2009-07-06,48.575
2009-07-07,48.23
2009-07-08,48.89
2009-07-09,48.71
2009-07-10,48.79
2009-07-13,49.09
2009-07-14,48.965
2009-07-15,48.63
2009-07-16,48.67
2009-07-17,48.73
2009-07-20,48.205
2009-07-21,48.44
2009-07-22,48.52
2009-07-23,48.45
2009-07-24,48.23
2009-07-27,48.165
2009-07-28,48.215
2009-07-29,48.426
2009-07-30,48.31
2009-07-31,48.062
2009-08-03,47.59
2009-08-04,47.58
2009-08-05,47.42
2009-08-06,47.6
2009-08-07,47.765
2009-08-10,47.81
2009-08-11,47.96
2009-08-12,48.365
2009-08-13,48.06
2009-08-14,48.245
2009-08-17,48.9
2009-08-18,48.795
2009-08-19,48.795
2009-08-20,48.705
2009-08-21,48.63
2009-08-24,48.615
2009-08-25,48.755
2009-08-26,48.895
2009-08-27,48.915
2009-08-28,48.66
2009-08-31,48.9
2009-09-01,49.0
2009-09-02,48.975
2009-09-03,48.915
2009-09-04,48.89
2009-09-07,48.66
2009-09-08,48.445
2009-09-09,48.5
2009-09-10,48.605
2009-09-11,48.475
2009-09-14,48.735
2009-09-15,48.64
2009-09-16,48.235
2009-09-17,48.155
2009-09-18,48.135
2009-09-21,48.01
2009-09-22,47.963
2009-09-23,48.005
2009-09-24,47.975
2009-09-25,47.94
2009-09-28,47.754
2009-09-29,48.115
2009-09-30,47.805
2009-10-01,47.76
2009-10-02,47.747
2009-10-05,47.52
2009-10-06,46.92
2009-10-07,46.69
2009-10-08,46.32
2009-10-09,46.41
2009-10-12,46.49
2009-10-13,46.345
2009-10-14,46.115
2009-10-15,46.285
2009-10-16,46.3
2009-10-19,46.08
2009-10-20,46.115
2009-10-21,46.46
2009-10-22,46.74
2009-10-23,46.51
2009-10-26,46.63
2009-10-27,46.945
2009-10-28,47.24
2009-10-29,47.19
2009-10-30,47.01
2009-11-02,46.91
2009-11-03,47.395
2009-11-04,47.104
2009-11-05,46.99
2009-11-06,46.76
2009-11-09,46.447
2009-11-10,46.45
2009-11-11,46.31
2009-11-12,46.641
2009-11-13,46.254
2009-11-16,46.19
2009-11-17,46.335
2009-11-18,46.16
2009-11-19,46.65
2009-11-20,46.606
2009-11-23,46.485
2009-11-24,46.355
2009-11-25,46.23
2009-11-26,46.445
2009-11-27,46.65
2009-11-30,46.435
2009-12-01,46.275
2009-12-02,46.335
2009-12-03,46.075
2009-12-04,46.295
2009-12-07,46.51
2009-12-08,46.551
2009-12-09,46.57
2009-12-10,46.64
2009-12-11,46.561
2009-12-14,46.69
2009-12-15,46.675
2009-12-16,46.688
2009-12-17,46.886
2009-12-18,46.73
2009-12-21,46.84
2009-12-22,46.796
2009-12-23,46.825
2009-12-24,46.666
2009-12-28,46.571
2009-12-29,46.685
2009-12-30,46.771
2009-12-31,46.536
2010-01-04,46.3
2010-01-05,46.245
2010-01-06,45.83
2010-01-07,45.707
2010-01-08,45.758
2010-01-11,45.333
2010-01-12,45.722
2010-01-13,45.545
2010-01-14,45.644
2010-01-15,45.708
2010-01-18,45.52
2010-01-19,45.805
2010-01-20,45.95
2010-01-21,46.04
2010-01-22,46.31
2010-01-25,46.22
2010-01-26,46.021
2010-01-27,46.3
2010-01-28,46.28
2010-01-29,46.195
2010-02-01,46.375
2010-02-02,46.208
2010-02-03,45.975
2010-02-04,46.255
2010-02-05,46.797
2010-02-08,46.81
2010-02-09,46.655
2010-02-10,46.495
2010-02-11,46.501
2010-02-12,46.493
2010-02-15,46.325
2010-02-16,46.211
2010-02-17,46.113
2010-02-18,46.275
2010-02-19,46.305
2010-02-22,46.215
2010-02-23,46.215
2010-02-24,46.283
2010-02-25,46.334
2010-02-26,46.105
2010-03-01,46.145
2010-03-02,45.945
2010-03-03,45.825
2010-03-04,45.815
2010-03-05,45.594
2010-03-08,45.458
2010-03-09,45.605
2010-03-10,45.383
2010-03-11,45.615
2010-03-12,45.441
2010-03-15,45.593
2010-03-16,45.518
2010-03-17,45.347
2010-03-18,45.455
2010-03-19,45.505
2010-03-22,45.585
2010-03-23,45.555
2010-03-24,45.442
2010-03-25,45.5
2010-03-26,45.218
2010-03-29,44.919
2010-03-30,45.099
2010-03-31,44.895
2010-04-01,44.7
2010-04-06,44.455
2010-04-07,44.51
2010-04-08,44.472
2010-04-09,44.285
2010-04-12,44.388
2010-04-13,44.548
2010-04-14,44.23
2010-04-15,44.442
2010-04-16,44.315
2010-04-19,44.735
2010-04-20,44.495
2010-04-21,44.555
2010-04-22,44.507
2010-04-23,44.487
2010-04-26,44.395
2010-04-27,44.445
2010-04-28,44.645
2010-04-29,44.515
2010-04-30,44.36
2010-05-03,44.486
2010-05-04,44.615
2010-05-05,44.94
2010-05-06,45.315
2010-05-07,45.48
2010-05-10,44.85
2010-05-11,45.28
2010-05-12,45.12
2010-05-13,45.072
2010-05-14,45.215
2010-05-17,45.62
2010-05-18,45.595
2010-05-19,46.355
2010-05-20,46.825
2010-05-21,46.945
2010-05-24,46.985
2010-05-25,47.713
2010-05-26,47.295
2010-05-27,46.86
2010-05-28,46.378
2010-05-31,46.36
2010-06-01,47.155
2010-06-02,46.985
2010-06-03,46.67
2010-06-04,46.85
2010-06-07,47.095
2010-06-08,46.948
2010-06-09,47.021
2010-06-10,46.91
2010-06-11,46.845
2010-06-14,46.495
2010-06-15,46.526
2010-06-16,46.56
2010-06-17,46.305
2010-06-18,46.17
2010-06-21,45.751
2010-06-22,46.291
2010-06-23,46.185
2010-06-24,46.485
2010-06-25,46.285
2010-06-28,46.205
2010-06-29,46.485
2010-06-30,46.445
2010-07-01,46.627
2010-07-02,46.796
2010-07-05,46.775
2010-07-06,46.824
2010-07-07,47.051
2010-07-08,46.863
2010-07-09,46.665
2010-07-12,46.81
2010-07-13,46.755
2010-07-14,46.731
2010-07-15,46.614
2010-07-16,46.78
2010-07-19,47.115
2010-07-20,47.347
2010-07-21,47.165
2010-07-22,47.136
2010-07-23,46.935
2010-07-26,47.055
2010-07-27,46.658
2010-07-28,46.76
2010-07-29,46.535
2010-07-30,46.4
2010-08-02,46.245
2010-08-03,46.165
2010-08-04,46.165
2010-08-05,46.19
2010-08-06,46.16
2010-08-09,46.125
2010-08-10,46.402
2010-08-11,46.705
2010-08-12,46.775
2010-08-13,46.754
2010-08-16,46.805
2010-08-17,46.617
2010-08-18,46.491
2010-08-19,46.37
2010-08-20,46.653
2010-08-23,46.67
2010-08-24,46.905
2010-08-25,46.896
2010-08-26,46.849
2010-08-27,46.895
2010-08-30,46.915
2010-08-31,47.062
2010-09-01,46.815
2010-09-02,46.725
2010-09-03,46.61
2010-09-06,46.54
2010-09-07,46.82
2010-09-08,46.657
2010-09-09,46.472
2010-09-10,46.24
2010-09-13,46.399
2010-09-14,46.42
2010-09-15,46.351
2010-09-16,46.11
2010-09-17,45.829
2010-09-20,45.713
2010-09-21,45.668
2010-09-22,45.595
2010-09-23,45.587
2010-09-24,45.256
2010-09-27,45.02
2010-09-28,45.16
2010-09-29,44.927
2010-09-30,44.876
2010-10-01,44.5
2010-10-04,44.555
2010-10-05,44.67
2010-10-06,44.385
2010-10-07,44.215
2010-10-08,44.425
2010-10-11,44.44
2010-10-12,44.665
2010-10-13,44.476
2010-10-14,44.12
2010-10-15,44.1
2010-10-18,44.383
2010-10-19,44.407
2010-10-20,44.37
2010-10-21,44.295
2010-10-22,44.569
2010-10-25,44.359
2010-10-26,44.555
2010-10-27,44.535
2010-10-28,44.505
2010-10-29,44.396
2010-11-01,44.44
2010-11-02,44.35
2010-11-03,44.33
2010-11-04,44.185
2010-11-05,44.022
2010-11-08,44.42
2010-11-09,44.357
2010-11-10,44.305
2010-11-11,44.475
2010-11-12,44.621
2010-11-15,45.165
2010-11-16,45.313
2010-11-17,45.373
2010-11-18,45.23
2010-11-19,45.331
2010-11-22,45.435
2010-11-23,45.584
2010-11-24,45.708
2010-11-25,45.567
2010-11-26,45.855
2010-11-29,45.942
2010-11-30,45.961
2010-12-01,45.342
2010-12-02,45.295
2010-12-03,45.097
2010-12-06,44.932
2010-12-07,44.632
2010-12-08,45.097
2010-12-09,45.243
2010-12-10,45.022
2010-12-13,45.159
2010-12-14,44.887
2010-12-15,45.332
2010-12-16,45.382
2010-12-17,45.342
2010-12-20,45.42
2010-12-21,45.23
2010-12-22,45.098
2010-12-23,45.139
2010-12-24,45.114
2010-12-27,45.238
2010-12-28,45.066
2010-12-29,45.033
2010-12-30,44.917
2010-12-31,44.722
2011-01-03,44.636
2011-01-04,45.04
2011-01-05,45.395
2011-01-06,45.285
2011-01-07,45.459
2011-01-10,45.535
2011-01-11,45.165
2011-01-12,45.098
2011-01-13,45.163
2011-01-14,45.442
2011-01-17,45.545
2011-01-18,45.475
2011-01-19,45.4
2011-01-20,45.635
2011-01-21,45.619
2011-01-24,45.627
2011-01-25,45.825
2011-01-26,45.706
2011-01-27,45.606
2011-01-28,45.765
2011-01-31,45.908
2011-02-01,45.77
2011-02-02,45.56
2011-02-03,45.595
2011-02-04,45.598
2011-02-07,45.47
2011-02-08,45.297
2011-02-09,45.468
2011-02-10,45.728
2011-02-11,45.688
2011-02-14,45.5
2011-02-15,45.52
2011-02-16,45.52
2011-02-17,45.345
2011-02-18,45.2
2011-02-21,44.988
2011-02-22,45.265
2011-02-23,45.132
2011-02-24,45.468
2011-02-25,45.325
2011-02-28,45.273
2011-03-01,44.95
2011-03-02,44.95
2011-03-03,45.043
2011-03-04,44.987
2011-03-07,45.053
2011-03-08,45.089
2011-03-09,45.005
2011-03-10,45.183
2011-03-11,45.24
2011-03-14,45.06
2011-03-15,45.246
2011-03-16,45.117
2011-03-17,45.151
2011-03-18,45.036
2011-03-21,45.01
2011-03-22,44.955
2011-03-23,44.845
2011-03-24,44.75
2011-03-25,44.675
2011-03-28,44.84
2011-03-29,44.782
2011-03-30,44.752
2011-03-31,44.587
2011-04-01,44.537
2011-04-04,44.588
2011-04-05,44.418
2011-04-06,44.17
2011-04-07,44.205
2011-04-08,44.075
2011-04-11,44.389
2011-04-12,44.389
2011-04-13,44.505
2011-04-14,44.645
2011-04-15,44.333
2011-04-18,44.45
2011-04-19,44.485
2011-04-20,44.33
2011-04-21,44.368
2011-04-26,44.52
2011-04-27,44.44
2011-04-28,44.43
2011-04-29,44.215
2011-05-02,44.34
2011-05-03,44.518
2011-05-04,44.47
2011-05-05,44.76
2011-05-06,44.795
2011-05-09,44.72
2011-05-10,44.755
2011-05-11,44.695
2011-05-12,44.998
2011-05-13,44.868
2011-05-16,45.16
2011-05-17,45.127
2011-05-18,45.055
2011-05-19,44.98
2011-05-20,45.012
2011-05-23,45.238
2011-05-24,45.205
2011-05-25,45.33
2011-05-26,45.305
2011-05-27,45.165
2011-05-30,45.078
2011-05-31,45.057
2011-06-01,44.845
2011-06-02,44.829
2011-06-03,44.822
2011-06-06,44.76
2011-06-07,44.68
2011-06-08,44.702
2011-06-09,44.735
2011-06-10,44.715
2011-06-13,44.865
2011-06-14,44.738
2011-06-15,44.76
2011-06-16,44.905
2011-06-17,44.868
2011-06-20,45.007
2011-06-21,44.847
2011-06-22,44.895
2011-06-23,44.954
2011-06-24,44.995
2011-06-27,45.038
2011-06-28,45.04
2011-06-29,44.867
2011-06-30,44.67
2011-07-01,44.585
2011-07-04,44.425
2011-07-05,44.395
2011-07-06,44.405
2011-07-07,44.435
2011-07-08,44.395
2011-07-11,44.466
2011-07-12,44.715
2011-07-13,44.518
2011-07-14,44.51
2011-07-15,44.515
2011-07-18,44.575
2011-07-19,44.5
2011-07-20,44.455
2011-07-21,44.505
2011-07-22,44.35
2011-07-25,44.405
2011-07-26,44.185
2011-07-27,44.085
2011-07-28,44.098
2011-07-29,44.195
2011-08-01,44.075
2011-08-02,44.277
2011-08-03,44.32
2011-08-04,44.548
2011-08-05,44.745
2011-08-08,44.97
2011-08-09,45.21
2011-08-10,45.26
2011-08-11,45.365
2011-08-12,45.345
2011-08-15,45.345
2011-08-16,45.39
2011-08-17,45.369
2011-08-18,45.75
2011-08-19,45.75
2011-08-22,45.665
2011-08-23,45.625
2011-08-24,46.005
2011-08-25,46.045
2011-08-26,46.155
2011-08-29,46.055
2011-08-30,46.056
2011-08-31,46.069
2011-09-01,46.088
2011-09-02,45.787
2011-09-05,45.998
2011-09-06,45.985
2011-09-07,46.165
2011-09-08,46.195
2011-09-09,46.562
2011-09-12,47.23
2011-09-13,47.595
2011-09-14,47.65
2011-09-15,47.555
2011-09-16,47.255
2011-09-19,47.812
2011-09-20,48.055
2011-09-21,48.33
2011-09-22,49.578
2011-09-23,49.433
2011-09-26,49.447
2011-09-27,49.075
2011-09-28,48.76
2011-09-29,48.967
2011-09-30,48.966
2011-10-03,49.16
2011-10-04,49.407
2011-10-05,49.35
2011-10-06,49.35
2011-10-07,49.16
2011-10-10,48.975
2011-10-11,49.325
2011-10-12,48.96
2011-10-13,49.13
2011-10-14,49.02
2011-10-17,48.955
2011-10-18,49.393
2011-10-19,49.165
2011-10-20,49.807
2011-10-21,50.025
2011-10-24,49.825
2011-10-25,49.51
2011-10-26,49.507
2011-10-27,49.51
2011-10-28,48.766
2011-10-31,48.695
2011-11-01,49.28
2011-11-02,49.185
2011-11-03,49.145
2011-11-04,49.105
2011-11-07,49.111
2011-11-08,49.48
2011-11-09,50.165
2011-11-10,50.025
2011-11-11,50.122
2011-11-14,50.375
2011-11-15,50.68
2011-11-16,50.755
2011-11-17,50.945
2011-11-18,51.255
2011-11-21,52.305
2011-11-22,52.375
2011-11-23,52.475
2011-11-24,52.035
2011-11-25,52.24
2011-11-28,52.035
2011-11-29,52.055
2011-11-30,52.255
2011-12-01,51.37
2011-12-02,51.105
2011-12-05,51.375
2011-12-06,51.315
2011-12-07,51.717
2011-12-08,51.725
2011-12-09,52.075
2011-12-12,52.862
2011-12-13,53.19
2011-12-14,53.935
2011-12-15,53.537
2011-12-16,52.7
2011-12-19,52.935
2011-12-20,52.975
2011-12-21,52.685
2011-12-22,52.63
2011-12-23,52.855
2011-12-27,52.937
2011-12-28,52.897
2011-12-29,53.052
2011-12-30,53.105
2012-01-02,53.305
2012-01-03,53.12
2012-01-04,52.929
2012-01-05,52.925
2012-01-06,52.725
2012-01-09,52.502
2012-01-10,51.795
2012-01-11,51.865
2012-01-12,51.52
2012-01-13,51.448
2012-01-16,51.425
2012-01-17,50.647
2012-01-18,50.399
2012-01-19,50.28
2012-01-20,50.281
2012-01-23,49.995
2012-01-24,50.105
2012-01-25,50.245
2012-01-26,50.245
2012-01-27,49.395
2012-01-30,49.76
2012-01-31,49.435
2012-02-01,49.165
2012-02-02,49.145
2012-02-03,48.805
2012-02-06,49.055
2012-02-07,49.345
2012-02-08,49.145
2012-02-09,49.355
2012-02-10,49.49
2012-02-13,49.15
2012-02-14,49.405
2012-02-15,49.375
2012-02-16,49.395
2012-02-17,49.24
2012-02-20,49.135
2012-02-21,49.33
2012-02-22,49.139
2012-02-23,49.15
2012-02-24,49.005
2012-02-27,49.285
2012-02-28,49.085
2012-02-29,48.955
2012-03-01,49.275
2012-03-02,49.46
2012-03-05,49.795
2012-03-06,50.385
2012-03-07,50.405
2012-03-08,50.405
2012-03-09,49.795
2012-03-12,49.985
2012-03-13,49.975
2012-03-14,50.025
2012-03-15,50.375
2012-03-16,50.135
2012-03-19,50.215
2012-03-20,50.458
2012-03-21,50.675
2012-03-22,51.225
2012-03-23,51.275
2012-03-26,51.205
2012-03-27,50.775
2012-03-28,50.78
2012-03-29,51.32
2012-03-30,50.945
2012-04-02,50.876
2012-04-03,50.705
2012-04-04,51.09
2012-04-05,51.175
2012-04-10,51.475
2012-04-11,51.475
2012-04-12,51.589
2012-04-13,51.303
2012-04-16,51.658
2012-04-17,51.477
2012-04-18,51.805
2012-04-19,52.145
2012-04-20,52.1
2012-04-23,52.575
2012-04-24,52.675
2012-04-25,52.545
2012-04-26,52.555
2012-04-27,52.51
2012-04-30,52.705
2012-05-02,52.855
2012-05-03,53.425
2012-05-04,53.475
2012-05-07,52.91
2012-05-08,53.119
2012-05-09,53.875
2012-05-10,53.338
2012-05-11,53.635
2012-05-14,53.965
2012-05-15,53.765
2012-05-16,54.495
2012-05-17,54.485
2012-05-18,54.467
2012-05-21,54.98
2012-05-22,55.345
2012-05-23,56.005
2012-05-24,55.62
2012-05-25,55.409
2012-05-28,55.185
2012-05-29,55.675
2012-05-30,56.233
2012-05-31,56.11
2012-06-01,55.607
2012-06-04,55.665
2012-06-05,55.645
2012-06-06,55.365
2012-06-07,54.945
2012-06-08,55.465
2012-06-11,55.745
2012-06-12,55.805
2012-06-13,55.6
2012-06-14,55.815
2012-06-15,55.413
2012-06-18,55.995
2012-06-19,55.953
2012-06-20,56.155
2012-06-21,56.305
2012-06-22,57.152
2012-06-25,57.015
2012-06-26,57.015
2012-06-27,57.135
2012-06-28,56.855
2012-06-29,55.695
2012-07-02,55.442
2012-07-03,54.372
2012-07-04,54.487
2012-07-05,54.953
2012-07-06,55.514
2012-07-09,55.935
2012-07-10,55.415
2012-07-11,55.628
2012-07-12,55.925
2012-07-13,55.145
2012-07-16,55.326
2012-07-17,55.045
2012-07-18,55.442
2012-07-19,55.045
2012-07-20,55.355
2012-07-23,55.974
2012-07-24,56.12
2012-07-25,56.16
2012-07-26,55.525
2012-07-27,55.335
2012-07-30,55.585
2012-07-31,55.655
2012-08-01,55.474
2012-08-02,55.835
2012-08-03,55.755
2012-08-06,55.527
2012-08-07,55.069
2012-08-08,55.415
2012-08-09,55.295
2012-08-10,55.285
2012-08-13,55.344
2012-08-14,55.66
2012-08-15,55.686
2012-08-16,55.775
2012-08-17,55.715
2012-08-20,55.699
2012-08-21,55.395
2012-08-22,55.492
2012-08-23,55.255
2012-08-24,55.485
2012-08-27,55.682
2012-08-28,55.675
2012-08-29,55.63
2012-08-30,55.634
2012-08-31,55.528
2012-09-03,55.535
2012-09-04,55.661
2012-09-05,55.891
2012-09-06,55.665
2012-09-07,55.285
2012-09-10,55.445
2012-09-11,55.325
2012-09-12,55.229
2012-09-13,55.428
2012-09-14,54.306
2012-09-17,54.055
2012-09-18,54.025
2012-09-19,53.995
2012-09-20,54.336
2012-09-21,53.465
2012-09-24,53.475
2012-09-25,53.315
2012-09-26,53.515
2012-09-27,53.075
2012-09-28,52.86
2012-10-01,52.409
2012-10-02,52.395
2012-10-03,52.265
2012-10-04,51.735
2012-10-05,51.855
2012-10-08,52.619
2012-10-09,52.712
2012-10-10,53.003
2012-10-11,52.655
2012-10-12,52.819
2012-10-15,53.015
2012-10-16,52.855
2012-10-17,52.865
2012-10-18,53.398
2012-10-19,53.84
2012-10-22,53.475
2012-10-23,53.765
2012-10-24,53.832
2012-10-25,53.575
2012-10-26,53.733
2012-10-29,54.085
2012-10-30,53.966
2012-10-31,53.814
2012-11-01,53.705
2012-11-02,53.811
2012-11-05,54.607
2012-11-06,54.435
2012-11-07,54.215
2012-11-08,54.365
2012-11-09,54.785
2012-11-12,54.875
2012-11-13,54.97
2012-11-14,54.809
2012-11-15,54.685
2012-11-16,55.175
2012-11-19,55.065
2012-11-20,55.095
2012-11-21,55.115
2012-11-22,55.143
2012-11-23,55.535
2012-11-26,55.625
2012-11-27,55.36
2012-11-28,55.465
2012-11-29,54.825
2012-11-30,54.425
2012-12-03,54.777
2012-12-04,54.668
2012-12-05,54.556
2012-12-06,54.138
2012-12-07,54.475
2012-12-10,54.505
2012-12-11,54.27
2012-12-12,54.255
2012-12-13,54.253
2012-12-14,54.491
2012-12-17,54.875
2012-12-18,54.855
2012-12-19,54.555
2012-12-20,54.865
2012-12-21,55.075
2012-12-24,54.955
2012-12-27,54.962
2012-12-28,54.755
2012-12-31,54.995
2013-01-02,54.313
2013-01-03,54.505
2013-01-04,55.075
2013-01-07,55.225
2013-01-08,55.065
2013-01-09,54.755
2013-01-10,54.653
2013-01-11,54.76
2013-01-14,54.5
2013-01-15,54.625
2013-01-16,54.835
2013-01-17,54.39
2013-01-18,53.846
2013-01-21,53.755
2013-01-22,53.72
2013-01-23,53.608
2013-01-24,53.755
2013-01-25,53.8
2013-01-28,53.915
2013-01-29,53.745
2013-01-30,53.29
2013-01-31,53.225
2013-02-01,53.198
2013-02-04,53.275
2013-02-05,53.135
2013-02-06,53.155
2013-02-07,53.285
2013-02-08,53.505
2013-02-11,53.855
2013-02-12,53.835
2013-02-13,53.819
2013-02-14,53.93
2013-02-15,54.3
2013-02-18,54.305
2013-02-19,54.345
2013-02-20,54.077
2013-02-21,54.605
2013-02-22,54.252
2013-02-25,53.825
2013-02-26,54.095
2013-02-27,53.845
2013-02-28,54.373
2013-03-01,54.914
2013-03-04,54.865
2013-03-05,54.865
2013-03-06,54.753
2013-03-07,54.613
2013-03-08,54.375
2013-03-11,54.413
2013-03-12,54.192
2013-03-13,54.306
2013-03-14,54.367
2013-03-15,54.005
2013-03-18,54.125
2013-03-19,54.375
2013-03-20,54.345
2013-03-21,54.245
2013-03-22,54.341
2013-03-25,54.226
2013-03-26,54.433
2013-03-27,54.465
2013-03-28,54.327
2013-04-02,54.177
2013-04-03,54.455
2013-04-04,54.898
2013-04-05,54.835
2013-04-08,54.537
2013-04-09,54.54
2013-04-10,54.525
2013-04-11,54.525
2013-04-12,54.525
2013-04-15,54.629
2013-04-16,54.105
2013-04-17,54.205
2013-04-18,53.972
2013-04-19,53.973
2013-04-22,54.147
2013-04-23,54.355
2013-04-24,54.22
2013-04-25,54.125
2013-04-26,54.325
2013-04-29,54.173
2013-04-30,53.76
2013-05-02,53.765
2013-05-03,53.925
2013-05-06,54.165
2013-05-07,54.088
2013-05-08,54.125
2013-05-09,54.281
2013-05-10,54.905
2013-05-13,54.738
2013-05-14,54.765
2013-05-15,54.768
2013-05-16,54.775
2013-05-17,54.865
2013-05-20,55.085
2013-05-21,55.415
2013-05-22,55.565
2013-05-23,55.715
2013-05-24,55.746
2013-05-27,55.576
2013-05-28,55.965
2013-05-29,56.175
2013-05-30,56.435
2013-05-31,56.511
2013-06-03,56.745
2013-06-04,56.495
2013-06-05,56.785
2013-06-06,56.841
2013-06-07,57.076
2013-06-10,58.176
2013-06-11,58.405
2013-06-12,57.815
2013-06-13,58.085
2013-06-14,57.535
2013-06-17,57.905
2013-06-18,58.771
2013-06-19,58.795
2013-06-20,59.685
2013-06-21,59.272
2013-06-24,59.7
2013-06-25,59.675
2013-06-26,60.742
2013-06-27,60.2
2013-06-28,59.42
2013-07-01,59.544
2013-07-02,59.635
2013-07-03,60.265
2013-07-04,60.225
2013-07-05,60.365
2013-07-08,60.755
2013-07-09,60.145
2013-07-10,59.655
2013-07-11,59.828
2013-07-12,59.63
2013-07-15,59.895
2013-07-16,59.145
2013-07-17,59.465
2013-07-18,59.65
2013-07-19,59.505
2013-07-22,59.724
2013-07-23,59.725
2013-07-24,59.08
2013-07-25,59.108
2013-07-26,59.042
2013-07-29,59.42
2013-07-30,60.486
2013-07-31,60.407
2013-08-01,60.441
2013-08-02,61.107
2013-08-05,60.874
2013-08-06,60.806
2013-08-07,61.255
2013-08-08,60.861
2013-08-09,60.794
2013-08-12,61.273
2013-08-13,61.287
2013-08-14,61.444
2013-08-15,61.322
2013-08-16,61.717
2013-08-19,63.369
2013-08-20,63.568
2013-08-21,64.458
2013-08-22,64.88
2013-08-23,64.021
2013-08-26,64.464
2013-08-27,67.311
2013-08-28,68.974
2013-08-29,66.953
2013-08-30,66.377
2013-09-02,66.268
2013-09-03,68.243
2013-09-04,67.026
2013-09-05,66.111
2013-09-06,65.244
2013-09-09,65.242
2013-09-10,63.89
2013-09-11,63.363
2013-09-12,63.454
2013-09-13,63.58
2013-09-16,62.843
2013-09-17,63.372
2013-09-18,63.451
2013-09-19,61.897
2013-09-20,62.276
2013-09-23,62.652
2013-09-24,62.978
2013-09-25,62.515
2013-09-26,62.079
2013-09-27,62.495
2013-09-30,62.821
2013-10-01,62.624
2013-10-02,62.59
2013-10-03,61.74
2013-10-04,61.524
2013-10-07,61.826
2013-10-08,61.793
2013-10-09,61.857
2013-10-10,61.181
2013-10-11,61.079
2013-10-14,61.435
2013-10-15,61.617
2013-10-16,61.846
2013-10-17,61.221
2013-10-18,61.269
2013-10-21,61.564
2013-10-22,61.591
2013-10-23,61.649
2013-10-24,61.434
2013-10-25,61.53
2013-10-28,61.528
2013-10-29,61.469
2013-10-30,61.236
2013-10-31,61.484
2013-11-01,61.725
2013-11-04,62.217
2013-11-05,61.813
2013-11-06,62.432
2013-11-07,62.589
2013-11-08,62.765
2013-11-11,63.237
2013-11-12,63.699
2013-11-13,63.444
2013-11-14,63.352
2013-11-15,63.12
2013-11-18,62.307
2013-11-19,62.183
2013-11-20,62.482
2013-11-21,62.938
2013-11-22,62.872
2013-11-25,62.498
2013-11-26,62.486
2013-11-27,62.158
2013-11-28,62.412
2013-11-29,62.427
2013-12-02,62.323
2013-12-03,62.358
2013-12-04,61.956
2013-12-05,61.689
2013-12-06,61.606
2013-12-09,61.135
2013-12-10,61.025
2013-12-11,61.306
2013-12-12,62.011
2013-12-13,62.169
2013-12-16,61.752
2013-12-17,61.881
2013-12-18,62.099
2013-12-19,62.377
2013-12-20,62.043
2013-12-23,61.816
2013-12-24,61.795
2013-12-27,61.981
2013-12-30,61.888
2013-12-31,61.903
2014-01-02,62.264
2014-01-03,62.197
2014-01-06,62.248
2014-01-07,62.188
2014-01-08,62.027
2014-01-09,62.107
2014-01-10,61.905
2014-01-13,61.469
2014-01-14,61.484
2014-01-15,61.546
2014-01-16,61.565
2014-01-17,61.55
2014-01-20,61.58
2014-01-21,62.043
2014-01-22,61.883
2014-01-23,61.881
2014-01-24,62.607
2014-01-27,63.099
2014-01-28,62.517
2014-01-29,62.544
2014-01-30,62.679
2014-01-31,62.659
2014-02-03,62.506
2014-02-04,62.527
2014-02-05,62.578
2014-02-06,62.423
2014-02-07,62.421
2014-02-10,62.355
2014-02-11,62.218
2014-02-12,62.109
2014-02-13,62.333
2014-02-14,61.946
2014-02-17,61.859
2014-02-18,62.108
2014-02-19,62.226
2014-02-20,62.367
2014-02-21,62.129
2014-02-24,62.06
2014-02-25,61.902
2014-02-26,62.138
2014-02-27,61.987
2014-02-28,61.761
2014-03-03,62.021
2014-03-04,61.868
2014-03-05,61.754
2014-03-06,61.113
2014-03-07,61.062
2014-03-10,60.846
2014-03-11,60.953
2014-03-12,61.223
2014-03-13,61.182
2014-03-14,61.193
2014-03-17,61.297
2014-03-18,61.149
2014-03-19,60.943
2014-03-20,61.336
2014-03-21,60.922
2014-03-24,60.788
2014-03-25,60.447
2014-03-26,60.097
2014-03-27,60.343
2014-03-28,60.302
2014-03-31,59.893
2014-04-01,59.971
2014-04-02,59.862
2014-04-03,60.177
2014-04-04,60.197
2014-04-07,60.191
2014-04-08,60.128
2014-04-09,60.135
2014-04-10,60.157
2014-04-11,60.179
2014-04-14,60.179
2014-04-15,60.233
2014-04-16,60.347
2014-04-17,60.325
2014-04-22,60.773
2014-04-23,61.132
2014-04-24,61.085
2014-04-25,60.697
2014-04-28,60.631
2014-04-29,60.422
2014-04-30,60.238
2014-05-02,60.237
2014-05-05,60.098
2014-05-06,60.1
2014-05-07,60.063
2014-05-08,59.944
2014-05-09,60.025
2014-05-12,60.051
2014-05-13,59.622
2014-05-14,59.465
2014-05-15,59.287
2014-05-16,58.915
2014-05-19,58.476
2014-05-20,58.641
2014-05-21,58.782
2014-05-22,58.46
2014-05-23,58.508
2014-05-26,58.717
2014-05-27,58.843
2014-05-28,58.929
2014-05-29,58.977
2014-05-30,59.087
2014-06-02,59.158
2014-06-03,59.406
2014-06-04,59.375
2014-06-05,59.195
2014-06-06,59.185
2014-06-09,59.083
2014-06-10,59.216
2014-06-11,59.319
2014-06-12,59.144
2014-06-13,59.783
2014-06-16,60.168
2014-06-17,60.127
2014-06-18,60.333
2014-06-19,60.037
2014-06-20,60.193
2014-06-23,60.157
2014-06-24,60.119
2014-06-25,60.132
2014-06-26,60.179
2014-06-27,60.103
2014-06-30,60.185
2014-07-01,60.075
2014-07-02,59.556
2014-07-03,59.644
2014-07-04,59.737
2014-07-07,60.021
2014-07-08,59.791
2014-07-09,59.766
2014-07-10,60.203
2014-07-11,60.0
2014-07-14,60.05
2014-07-15,60.112
2014-07-16,60.08
2014-07-17,60.17
2014-07-18,60.34
2014-07-21,60.305
2014-07-22,60.218
2014-07-23,60.052
2014-07-24,60.132
2014-07-25,60.097
2014-07-28,60.061
2014-07-29,60.168
2014-07-30,60.093
2014-07-31,60.558
2014-08-01,61.232
2014-08-04,60.937
2014-08-05,60.88
2014-08-06,61.476
2014-08-07,61.236
2014-08-08,61.189
2014-08-11,61.139
2014-08-12,61.299
2014-08-13,61.25
2014-08-14,60.832
2014-08-15,60.868
2014-08-18,60.853
2014-08-19,60.731
2014-08-20,60.705
2014-08-21,60.67
2014-08-22,60.526
2014-08-25,60.555
2014-08-26,60.516
2014-08-27,60.451
2014-08-28,60.63
2014-08-29,60.517
2014-09-01,60.535
2014-09-02,60.69
2014-09-03,60.415
2014-09-04,60.254
2014-09-05,60.406
2014-09-08,60.249
2014-09-09,60.605
2014-09-10,60.955
2014-09-11,60.955
2014-09-12,60.782
2014-09-15,61.127
2014-09-16,61.076
2014-09-17,60.919
2014-09-18,61.043
2014-09-19,60.83
2014-09-22,60.887
2014-09-23,60.952
2014-09-24,61.0
2014-09-25,61.428
2014-09-26,61.25
2014-09-29,61.615
2014-09-30,61.874
2014-10-01,61.72
2014-10-02,61.816
2014-10-03,61.817
2014-10-06,61.48
2014-10-07,61.425
2014-10-08,61.392
2014-10-09,60.957
2014-10-10,61.335
2014-10-13,60.995
2014-10-14,61.461
2014-10-15,61.425
2014-10-16,61.858
2014-10-17,61.43
2014-10-20,61.295
2014-10-21,61.201
2014-10-22,61.226
2014-10-23,61.185
2014-10-24,61.185
2014-10-27,61.305
2014-10-28,61.232
2014-10-29,61.288
2014-10-30,61.434
2014-10-31,61.365
2014-11-03,61.405
2014-11-04,61.405
2014-11-05,61.499
2014-11-06,61.483
2014-11-07,61.636
2014-11-10,61.505
2014-11-11,61.545
2014-11-12,61.43
2014-11-13,61.52
2014-11-14,61.816
2014-11-17,61.828
2014-11-18,61.751
2014-11-19,61.994
2014-11-20,61.93
2014-11-21,61.655
2014-11-24,61.909
2014-11-25,61.892
2014-11-26,61.85
2014-11-27,61.875
2014-11-28,62.122
2014-12-01,62.039
2014-12-02,61.883
2014-12-03,61.81
2014-12-04,61.901
2014-12-05,61.785
2014-12-08,61.92
2014-12-09,61.963
2014-12-10,62.075
2014-12-11,62.411
2014-12-12,62.464
2014-12-15,63.24
2014-12-16,63.987
2014-12-17,63.622
2014-12-18,63.066
2014-12-19,63.305
2014-12-22,63.2
2014-12-23,63.292
2014-12-24,63.474
2014-12-29,63.676
2014-12-30,63.461
2014-12-31,63.19
2015-01-02,63.356
2015-01-05,63.463
2015-01-06,63.572
2015-01-07,63.175
2015-01-08,62.568
2015-01-09,62.324
2015-01-12,62.164
2015-01-13,62.043
2015-01-14,62.189
2015-01-15,61.783
2015-01-16,61.862
2015-01-19,61.712
2015-01-20,61.707
2015-01-21,61.575
2015-01-22,61.559
2015-01-23,61.498
2015-01-26,61.427
2015-01-27,61.384
2015-01-28,61.405
2015-01-29,61.9
2015-01-30,62.019
2015-02-02,61.869
2015-02-03,61.717
2015-02-04,61.833
2015-02-05,61.739
2015-02-06,61.714
2015-02-09,62.13
2015-02-10,62.195
2015-02-11,62.355
2015-02-12,62.277
2015-02-13,62.17
2015-02-16,62.214
2015-02-17,62.189
2015-02-18,62.302
2015-02-19,62.21
2015-02-20,62.234
2015-02-23,62.315
2015-02-24,62.203
2015-02-25,61.967
2015-02-26,61.751
2015-02-27,61.817
2015-03-02,61.942
2015-03-03,61.922
2015-03-04,62.264
2015-03-05,62.255
2015-03-06,62.397
2015-03-09,62.68
2015-03-10,62.786
2015-03-11,62.781
2015-03-12,62.448
2015-03-13,63.028
2015-03-16,62.872
2015-03-17,62.732
2015-03-18,62.76
2015-03-19,62.583
2015-03-20,62.332
2015-03-23,62.277
2015-03-24,62.327
2015-03-25,62.371
2015-03-26,62.727
2015-03-27,62.518
2015-03-30,62.626
2015-03-31,62.528
2015-04-01,62.497
2015-04-02,62.182
2015-04-07,62.32
2015-04-08,62.245
2015-04-09,62.198
2015-04-10,62.356
2015-04-13,62.421
2015-04-14,62.386
2015-04-15,62.372
2015-04-16,62.26
2015-04-17,62.395
2015-04-20,62.973
2015-04-21,62.906
2015-04-22,62.945
2015-04-23,63.323
2015-04-24,63.562
2015-04-27,63.568
2015-04-28,63.145
2015-04-29,63.428
2015-04-30,63.5
2015-05-04,63.662
2015-05-05,63.429
2015-05-06,63.54
2015-05-07,64.156
2015-05-08,63.99
2015-05-11,63.844
2015-05-12,64.29
2015-05-13,64.01
2015-05-14,63.68
2015-05-15,63.662
2015-05-18,63.668
2015-05-19,63.699
2015-05-20,63.794
2015-05-21,63.613
2015-05-22,63.471
2015-05-25,63.56
2015-05-26,63.925
2015-05-27,64.051
2015-05-28,63.823
2015-05-29,63.8
2015-06-01,63.699
2015-06-02,63.836
2015-06-03,63.905
2015-06-04,64.006
2015-06-05,63.79
2015-06-08,64.089
2015-06-09,63.974
2015-06-10,63.874
2015-06-11,63.981
2015-06-12,64.079
2015-06-15,64.167
2015-06-16,64.309
2015-06-17,64.14
2015-06-18,63.732
2015-06-19,63.562
2015-06-22,63.526
2015-06-23,63.615
2015-06-24,63.589
2015-06-25,63.582
2015-06-26,63.601
2015-06-29,63.837
2015-06-30,63.622
2015-07-01,63.605
2015-07-02,63.513
2015-07-03,63.439
2015-07-06,63.445
2015-07-07,63.485
2015-07-08,63.597
2015-07-09,63.39
2015-07-10,63.4
2015-07-13,63.542
2015-07-14,63.34
2015-07-15,63.423
2015-07-16,63.511
2015-07-17,63.474
2015-07-20,63.655
2015-07-21,63.61
2015-07-22,63.641
2015-07-23,63.768
2015-07-24,64.119
2015-07-27,64.17
2015-07-28,63.915
2015-07-29,63.905
2015-07-30,64.041
2015-07-31,64.136
2015-08-03,64.043
2015-08-04,63.753
2015-08-05,63.755
2015-08-06,63.765
2015-08-07,63.815
2015-08-10,63.871
2015-08-11,64.205
2015-08-12,64.719
2015-08-13,65.229
2015-08-14,65.008
2015-08-17,65.315
2015-08-18,65.315
2015-08-19,65.274
2015-08-20,65.55
2015-08-21,65.903
2015-08-24,66.772
2015-08-25,66.096
2015-08-26,66.195
2015-08-27,66.045
2015-08-28,66.163
2015-08-31,66.402
2015-09-01,66.31
2015-09-02,66.194
2015-09-03,66.243
2015-09-04,66.495
2015-09-07,66.857
2015-09-08,66.502
2015-09-09,66.412
2015-09-10,66.434
2015-09-11,66.469
2015-09-14,66.362
2015-09-15,66.364
2015-09-16,66.46
2015-09-17,66.25
2015-09-18,65.674
2015-09-21,65.716
2015-09-22,65.896
2015-09-23,65.981
2015-09-24,66.239
2015-09-25,66.156
2015-09-28,66.105
2015-09-29,65.995
2015-09-30,65.59
2015-10-01,65.512
2015-10-02,65.513
2015-10-05,65.3
2015-10-06,65.382
2015-10-07,64.898
2015-10-08,65.096
2015-10-09,64.8
2015-10-12,64.752
2015-10-13,65.185
2015-10-14,64.983
2015-10-15,64.825
2015-10-16,64.867
2015-10-19,64.805
2015-10-20,65.058
2015-10-21,65.126
2015-10-22,65.126
2015-10-23,64.829
2015-10-26,64.906
2015-10-27,64.963
2015-10-28,65.001
2015-10-29,65.364
2015-10-30,65.368
2015-11-02,65.585
2015-11-03,65.728
2015-11-04,65.486
2015-11-05,65.892
2015-11-06,65.9
2015-11-09,66.423
2015-11-10,66.27
2015-11-11,66.236
2015-11-12,66.314
2015-11-13,66.146
2015-11-16,65.99
2015-11-17,66.009
2015-11-18,66.22
2015-11-19,66.23
2015-11-20,66.195
2015-11-23,66.381
2015-11-24,66.339
2015-11-25,66.301
2015-11-26,66.566
2015-11-27,66.772
2015-11-30,66.668
2015-12-01,66.521
2015-12-02,66.544
2015-12-03,66.661
2015-12-04,66.779
2015-12-07,66.733
2015-12-08,66.839
2015-12-09,66.84
2015-12-10,66.748
2015-12-11,67.006
2015-12-14,67.145
2015-12-15,66.894
2015-12-16,66.711
2015-12-17,66.267
2015-12-18,66.404
2015-12-21,66.316
2015-12-22,66.241
2015-12-23,66.21
2015-12-24,66.21
2015-12-28,66.103
2015-12-29,66.331
2015-12-30,66.388
2015-12-31,66.154
2016-01-04,66.633
2016-01-05,66.587
2016-01-06,66.863
2016-01-07,66.895
2016-01-08,66.68
2016-01-11,66.808
2016-01-12,66.87
2016-01-13,66.865
2016-01-14,67.43
2016-01-15,67.79
2016-01-18,67.689
2016-01-19,67.615
2016-01-20,67.996
2016-01-21,67.996
2016-01-22,67.63
2016-01-25,67.773
2016-01-26,67.897
2016-01-27,68.05
2016-01-28,68.225
2016-01-29,67.861
2016-02-01,67.907
2016-02-02,67.984
2016-02-03,68.042
2016-02-04,67.696
2016-02-05,67.654
2016-02-08,68.034
2016-02-09,68.045
2016-02-10,67.855
2016-02-11,68.437
2016-02-12,68.241
2016-02-15,68.072
2016-02-16,68.42
2016-02-17,68.499
2016-02-18,68.519
2016-02-19,68.468
2016-02-22,68.561
2016-02-23,68.538
2016-02-24,68.562
2016-02-25,68.875
2016-02-26,68.691
2016-02-29,68.316
2016-03-01,67.853
2016-03-02,67.531
2016-03-03,67.275
2016-03-04,67.084
2016-03-07,67.088
2016-03-08,67.307
2016-03-09,67.15
2016-03-10,66.928
2016-03-11,67.013
2016-03-14,67.061
2016-03-15,67.358
2016-03-16,67.235
2016-03-17,66.642
2016-03-18,66.284
2016-03-21,66.536
2016-03-22,66.679
2016-03-23,66.796
2016-03-24,66.863
2016-03-29,66.53
2016-03-30,66.386
2016-03-31,66.254
2016-04-01,66.351
2016-04-04,66.105
2016-04-05,66.459
2016-04-06,66.671
2016-04-07,66.626
2016-04-08,66.599
2016-04-11,66.467
2016-04-12,66.399
2016-04-13,66.604
2016-04-14,66.535
2016-04-15,66.592
2016-04-18,66.579
2016-04-19,66.552
2016-04-20,66.198
2016-04-21,66.279
2016-04-22,66.538
2016-04-25,66.601
2016-04-26,66.57
2016-04-27,66.466
2016-04-28,66.5
2016-04-29,66.384
2016-05-02,66.404
2016-05-03,66.396
2016-05-04,66.589
2016-05-05,66.504
2016-05-06,66.633
2016-05-09,66.605
2016-05-10,66.676
2016-05-11,66.609
2016-05-12,66.669
2016-05-13,66.78
2016-05-16,66.844
2016-05-17,66.821
2016-05-18,66.979
2016-05-19,67.466
2016-05-20,67.473
2016-05-23,67.522
2016-05-24,67.674
2016-05-25,67.378
2016-05-26,67.081
2016-05-27,67.037
2016-05-30,67.139
2016-05-31,67.197
2016-06-01,67.458
2016-06-02,67.302
2016-06-03,67.25
2016-06-06,66.966
2016-06-07,66.743
2016-06-08,66.55
2016-06-09,66.73
2016-06-10,66.808
2016-06-13,67.103
2016-06-14,67.31
2016-06-15,67.112
2016-06-16,67.3
2016-06-17,67.085
2016-06-20,67.356
2016-06-21,67.57
2016-06-22,67.495
2016-06-23,67.303
2016-06-24,68.005
2016-06-27,67.954
2016-06-28,67.919
2016-06-29,67.601
2016-06-30,67.519
2016-07-01,67.328
2016-07-04,67.253
2016-07-05,67.471
2016-07-06,67.421
2016-07-07,67.422
2016-07-08,67.311
2016-07-11,67.143
2016-07-12,67.095
2016-07-13,67.03
2016-07-14,66.858
2016-07-15,67.025
2016-07-18,67.2
2016-07-19,67.134
2016-07-20,67.204
2016-07-21,67.215
2016-07-22,67.076
2016-07-25,67.348
2016-07-26,67.329
2016-07-27,67.21
2016-07-28,67.046
2016-07-29,66.955
2016-08-01,66.7
2016-08-02,66.714
2016-08-03,66.895
2016-08-04,66.877
2016-08-05,66.773
2016-08-08,66.835
2016-08-09,66.888
2016-08-10,66.641
2016-08-11,66.848
2016-08-12,66.864
2016-08-15,66.886
2016-08-16,66.764
2016-08-17,66.868
2016-08-18,66.808
2016-08-19,67.177
2016-08-22,67.214
2016-08-23,67.069
2016-08-24,67.117
2016-08-25,67.048
2016-08-26,67.004
2016-08-29,67.175
2016-08-30,67.04
2016-08-31,66.974
2016-09-01,66.959
2016-09-02,66.794
2016-09-05,66.458
2016-09-06,66.492
2016-09-07,66.358
2016-09-08,66.38
2016-09-09,66.74
2016-09-12,66.907
2016-09-13,66.895
2016-09-14,66.92
2016-09-15,66.918
2016-09-16,67.02
2016-09-19,66.981
2016-09-20,67.026
2016-09-21,66.978
2016-09-22,66.624
2016-09-23,66.623
2016-09-26,66.649
2016-09-27,66.471
2016-09-28,66.452
2016-09-29,66.866
2016-09-30,66.63
2016-10-03,66.541
2016-10-04,66.485
2016-10-05,66.573
2016-10-06,66.736
2016-10-07,66.706
2016-10-10,66.516
2016-10-11,66.591
2016-10-12,66.797
2016-10-13,66.894
2016-10-14,66.75
2016-10-17,66.815
2016-10-18,66.71
2016-10-19,66.663
2016-10-20,66.798
2016-10-21,66.898
2016-10-24,66.842
2016-10-25,66.811
2016-10-26,66.843
2016-10-27,66.82
2016-10-28,66.799
2016-10-31,66.777
2016-11-01,66.705
2016-11-02,66.671
2016-11-03,66.744
2016-11-04,66.745
2016-11-07,66.755
2016-11-08,66.595
2016-11-09,66.572
2016-11-10,66.735
2016-11-11,67.251
2016-11-14,67.811
2016-11-15,67.755
2016-11-16,68.069
2016-11-17,67.869
2016-11-18,67.943
2016-11-21,68.149
2016-11-22,68.295
2016-11-23,68.736
2016-11-24,68.756
2016-11-25,68.535
2016-11-28,68.72
2016-11-29,68.699
2016-11-30,68.509
2016-12-01,68.351
2016-12-02,68.256
2016-12-05,68.165
2016-12-06,67.801
2016-12-07,67.645
2016-12-08,67.372
2016-12-09,67.564
2016-12-12,67.429
2016-12-13,67.539
2016-12-14,67.478
2016-12-15,67.801
2016-12-16,67.8
2016-12-19,67.858
2016-12-20,68.07
2016-12-21,67.88
2016-12-22,67.982
2016-12-23,67.804
2016-12-27,68.016
2016-12-28,68.232
2016-12-29,68.014
2016-12-30,67.92
2017-01-02,68.14
2017-01-03,68.369
2017-01-04,68.065
2017-01-05,67.935
2017-01-06,67.989
2017-01-09,68.17
2017-01-10,68.218
2017-01-11,68.392
2017-01-12,67.98
2017-01-13,68.162
2017-01-16,68.121
2017-01-17,67.984
2017-01-18,68.113
2017-01-19,68.136
2017-01-20,68.173
2017-01-23,68.16
2017-01-24,68.095
2017-01-25,68.08
2017-01-26,68.184
2017-01-27,68.068
2017-01-30,67.951
2017-01-31,67.689
2017-02-01,67.427
2017-02-02,67.232
2017-02-03,67.321
2017-02-06,67.163
2017-02-07,67.422
2017-02-08,67.145
2017-02-09,66.741
2017-02-10,66.934
2017-02-13,66.975
2017-02-14,66.814
2017-02-15,66.888
2017-02-16,66.997
2017-02-17,67.1
2017-02-20,66.939
2017-02-21,66.936
2017-02-22,66.987
2017-02-23,66.723
2017-02-24,66.608
2017-02-27,66.697
2017-02-28,66.65
2017-03-01,66.834
2017-03-02,66.768
2017-03-03,66.817
2017-03-06,66.65
2017-03-07,66.632
2017-03-08,66.783
2017-03-09,66.724
2017-03-10,66.634
2017-03-13,66.161
2017-03-14,65.767
2017-03-15,65.664
2017-03-16,65.374
2017-03-17,65.429
2017-03-20,65.365
2017-03-21,65.259
2017-03-22,65.421
2017-03-23,65.464
2017-03-24,65.388
2017-03-27,65.035
2017-03-28,65.056
2017-03-29,64.904
2017-03-30,64.907
2017-03-31,64.911
2017-04-03,64.985
2017-04-04,65.182
2017-04-05,64.893
2017-04-06,64.518
2017-04-07,64.325
2017-04-10,64.56
2017-04-11,64.483
2017-04-12,64.677
2017-04-13,64.433
2017-04-18,64.602
2017-04-19,64.562
2017-04-20,64.624
2017-04-21,64.608
2017-04-24,64.448
2017-04-25,64.285
2017-04-26,64.123
2017-04-27,64.117
2017-04-28,64.284
2017-05-02,64.225
2017-05-03,64.158
2017-05-04,64.186
2017-05-05,64.378
2017-05-08,64.313
2017-05-09,64.657
2017-05-10,64.546
2017-05-11,64.37
2017-05-12,64.307
2017-05-15,64.047
2017-05-16,64.065
2017-05-17,64.101
2017-05-18,65.047
2017-05-19,64.587
2017-05-22,64.535
2017-05-23,64.895
2017-05-24,64.735
2017-05-25,64.602
2017-05-26,64.503
2017-05-29,64.538
2017-05-30,64.658
2017-05-31,64.463
2017-06-01,64.466
2017-06-02,64.443
2017-06-05,64.363
2017-06-06,64.473
2017-06-07,64.347
2017-06-08,64.241
2017-06-09,64.245
2017-06-12,64.44
2017-06-13,64.36
2017-06-14,64.3
2017-06-15,64.609
2017-06-16,64.433
2017-06-19,64.422
2017-06-20,64.512
2017-06-21,64.502
2017-06-22,64.6
2017-06-23,64.532
2017-06-26,64.448
2017-06-27,64.51
2017-06-28,64.557
2017-06-29,64.587
2017-06-30,64.62
2017-07-03,64.858
2017-07-04,64.738
2017-07-05,64.797
2017-07-06,64.762
2017-07-07,64.578
2017-07-10,64.495
2017-07-11,64.59
2017-07-12,64.535
2017-07-13,64.45
2017-07-14,64.385
2017-07-17,64.345
2017-07-18,64.333
2017-07-19,64.295
2017-07-20,64.441
2017-07-21,64.339
2017-07-24,64.397
2017-07-25,64.385
2017-07-26,64.358
2017-07-27,64.155
2017-07-28,64.162
2017-07-31,64.186
2017-08-01,64.099
2017-08-02,63.68
2017-08-03,63.677
2017-08-04,63.62
2017-08-07,63.83
2017-08-08,63.641
2017-08-09,63.86
2017-08-10,64.105
2017-08-11,64.17
2017-08-14,64.117
2017-08-15,64.12
2017-08-16,64.19
2017-08-17,64.17
2017-08-18,64.145
2017-08-21,64.143
2017-08-22,64.1
2017-08-23,64.08
2017-08-24,64.032
2017-08-25,64.023
2017-08-28,63.904
2017-08-29,64.022
2017-08-30,64.025
2017-08-31,63.932
2017-09-01,64.034
2017-09-04,64.04
2017-09-05,64.128
2017-09-06,64.112
2017-09-07,64.015
2017-09-08,63.784
2017-09-11,63.911
2017-09-12,64.056
2017-09-13,64.0
2017-09-14,64.123
2017-09-15,64.083
2017-09-18,64.138
2017-09-19,64.331
2017-09-20,64.292
2017-09-21,64.805
2017-09-22,64.795
2017-09-25,65.108
2017-09-26,65.491
2017-09-27,65.712
2017-09-28,65.474
2017-09-29,65.28
2017-10-02,65.307
2017-10-03,65.504
2017-10-04,65.022
2017-10-05,65.147
2017-10-06,65.383
2017-10-09,65.352
2017-10-10,65.247
2017-10-11,65.145
2017-10-12,65.03
2017-10-13,64.955
2017-10-16,64.743
2017-10-17,65.031
2017-10-18,65.052
2017-10-19,65.028
2017-10-20,65.01
2017-10-23,65.022
2017-10-24,65.113
2017-10-25,64.925
2017-10-26,64.86
2017-10-27,65.06
2017-10-30,64.895
2017-10-31,64.75
2017-11-01,64.6
2017-11-02,64.602
2017-11-03,64.523
2017-11-06,64.673
2017-11-07,64.995
2017-11-08,64.987
2017-11-09,64.97
2017-11-10,65.162
2017-11-13,65.452
2017-11-14,65.402
2017-11-15,65.215
2017-11-16,65.322
2017-11-17,65.012
2017-11-20,65.103
2017-11-21,64.917
2017-11-22,64.9
2017-11-23,64.578
2017-11-24,64.68
2017-11-27,64.502
2017-11-28,64.418
2017-11-29,64.312
2017-11-30,64.468
2017-12-01,64.497
2017-12-04,64.399
2017-12-05,64.406
2017-12-06,64.52
2017-12-07,64.577
2017-12-08,64.451
2017-12-11,64.412
2017-12-12,64.397
2017-12-13,64.432
2017-12-14,64.37
2017-12-15,64.042
2017-12-18,64.234
2017-12-19,64.029
2017-12-20,64.118
2017-12-21,64.026
2017-12-22,64.039
2017-12-27,64.155
2017-12-28,64.08
2017-12-29,63.876
2018-01-02,63.489
2018-01-03,63.5
2018-01-04,63.405
2018-01-05,63.37
2018-01-08,63.508
2018-01-09,63.713
2018-01-10,63.595
2018-01-11,63.688
2018-01-12,63.601
2018-01-15,63.517
2018-01-16,64.047
2018-01-17,63.928
2018-01-18,63.85
2018-01-19,63.843
2018-01-22,63.912
2018-01-23,63.775
2018-01-24,63.693
2018-01-25,63.565
2018-01-26,63.61
2018-01-29,63.58
2018-01-30,63.648
2018-01-31,63.563
2018-02-01,64.023
2018-02-02,64.057
2018-02-05,64.103
2018-02-06,64.273
2018-02-07,64.245
2018-02-08,64.293
2018-02-09,64.372
2018-02-12,64.335
2018-02-13,64.277
2018-02-14,64.072
2018-02-15,63.915
2018-02-16,64.217
2018-02-19,64.253
2018-02-20,64.83
2018-02-21,64.758
2018-02-22,65.078
2018-02-23,64.763
2018-02-26,64.775
2018-02-27,64.875
2018-02-28,65.19
2018-03-01,65.175
2018-03-02,65.237
2018-03-05,65.109
2018-03-06,64.926
2018-03-07,64.895
2018-03-08,65.132
2018-03-09,65.194
2018-03-12,65.012
2018-03-13,64.857
2018-03-14,64.84
2018-03-15,64.954
2018-03-16,64.927
2018-03-19,65.196
2018-03-20,65.2
2018-03-21,65.212
2018-03-22,65.102
2018-03-23,65.009
2018-03-26,64.87
2018-03-27,64.973
2018-03-28,65.172
2018-03-29,65.173
2018-04-03,65.006
2018-04-04,65.13
2018-04-05,64.927
2018-04-06,64.967
2018-04-09,64.982
2018-04-10,64.995
2018-04-11,65.302
2018-04-12,65.26
2018-04-13,65.211
2018-04-16,65.497
2018-04-17,65.639
2018-04-18,65.668
2018-04-19,65.789
2018-04-20,66.122
2018-04-23,66.416
2018-04-24,66.388
2018-04-25,66.976
2018-04-26,66.749
2018-04-27,66.661
2018-04-30,66.371
2018-05-02,66.669
2018-05-03,66.624
2018-05-04,66.864
2018-05-07,67.135
2018-05-08,67.085
2018-05-09,67.262
2018-05-10,67.259
2018-05-11,67.337
2018-05-14,67.526
2018-05-15,68.055
2018-05-16,67.797
2018-05-17,67.737
2018-05-18,67.999
2018-05-21,68.144
2018-05-22,68.009
2018-05-23,68.423
2018-05-24,68.375
2018-05-25,67.794
2018-05-28,67.441
2018-05-29,67.837
2018-05-30,67.39
2018-05-31,67.358
2018-06-01,67.113
2018-06-04,67.063
2018-06-05,67.15
2018-06-06,66.92
2018-06-07,67.116
2018-06-08,67.502
2018-06-11,67.428
2018-06-12,67.443
2018-06-13,67.608
2018-06-14,67.598
2018-06-15,68.015
2018-06-18,68.039
2018-06-19,68.378
2018-06-20,68.112
2018-06-21,67.962
2018-06-22,67.849
2018-06-25,68.073
2018-06-26,68.292
2018-06-27,68.607
2018-06-28,68.793
2018-06-29,68.462
2018-07-02,68.795
2018-07-03,68.522
2018-07-04,68.742
2018-07-05,68.947
2018-07-06,68.876
2018-07-09,68.674
2018-07-10,68.83
2018-07-11,68.769
2018-07-12,68.519
2018-07-13,68.481
2018-07-16,68.558
2018-07-17,68.455
2018-07-18,68.628
2018-07-19,69.054
2018-07-20,68.826
2018-07-23,68.855
2018-07-24,68.948
2018-07-25,68.743
2018-07-26,68.667
2018-07-27,68.685
2018-07-30,68.641
2018-07-31,68.541
2018-08-01,68.374
2018-08-02,68.686
2018-08-03,68.616
2018-08-06,68.864
2018-08-07,68.682
2018-08-08,68.625
2018-08-09,68.647
2018-08-10,68.83
2018-08-13,70.017
2018-08-14,69.904
2018-08-15,69.927
2018-08-16,70.191
2018-08-17,70.161
2018-08-20,69.825
2018-08-21,69.814
2018-08-22,69.895
2018-08-23,70.11
2018-08-24,69.909
2018-08-27,70.162
2018-08-28,70.111
2018-08-29,70.617
2018-08-30,70.749
2018-08-31,70.998
2018-09-03,71.212
2018-09-04,71.588
2018-09-05,71.749
2018-09-06,71.961
2018-09-07,71.735
2018-09-10,72.457
2018-09-11,72.663
2018-09-12,72.223
2018-09-13,72.031
2018-09-14,71.82
2018-09-17,72.522
2018-09-18,72.976
2018-09-19,72.384
2018-09-20,72.011
2018-09-21,72.192
2018-09-24,72.683
2018-09-25,72.693
2018-09-26,72.608
2018-09-27,72.589
2018-09-28,72.495
2018-10-01,72.911
2018-10-02,73.378
2018-10-03,73.363
2018-10-04,73.579
2018-10-05,73.77
2018-10-08,74.063
2018-10-09,74.403
2018-10-10,74.226
2018-10-11,74.091
2018-10-12,73.561
2018-10-15,73.802
2018-10-16,73.462
2018-10-17,73.625
2018-10-18,73.603
2018-10-19,73.339
2018-10-22,73.56
2018-10-23,73.567
2018-10-24,73.167
2018-10-25,73.274
2018-10-26,73.46
2018-10-29,73.421
2018-10-30,73.628
2018-10-31,73.98
2018-11-01,73.449
2018-11-02,72.445
2018-11-05,73.078
2018-11-06,72.961
2018-11-07,72.499
2018-11-08,72.409
2018-11-09,72.501
2018-11-12,72.889
2018-11-13,72.676
2018-11-14,72.3
2018-11-15,71.977
2018-11-16,71.893
2018-11-19,71.655
2018-11-20,71.491
2018-11-21,71.303
2018-11-22,70.683
2018-11-23,70.648
2018-11-26,70.879
2018-11-27,70.763
2018-11-28,70.58
2018-11-29,69.849
2018-11-30,69.621
2018-12-03,70.412
2018-12-04,70.532
2018-12-05,70.521
2018-12-06,70.919
2018-12-07,70.803
2018-12-10,72.411
2018-12-11,71.904
2018-12-12,71.999
2018-12-13,71.612
2018-12-14,71.972
2018-12-17,71.607
2018-12-18,70.537
2018-12-19,70.25
2018-12-20,69.818
2018-12-21,70.124
2018-12-24,70.144
2018-12-27,70.268
2018-12-28,70.045
2018-12-31,69.633
2019-01-02,70.182
2019-01-03,70.152
2019-01-04,69.659
2019-01-07,69.629
2019-01-08,70.14
2019-01-09,70.397
2019-01-10,70.394
2019-01-11,70.537
2019-01-14,70.829
2019-01-15,71.105
2019-01-16,71.13
2019-01-17,71.06
2019-01-18,71.119
2019-01-21,71.229
2019-01-22,71.385
2019-01-23,71.303
2019-01-24,71.122
2019-01-25,71.065
2019-01-28,71.142
2019-01-29,71.187
2019-01-30,71.179
2019-01-31,71.109
2019-02-01,71.284
2019-02-04,71.813
2019-02-05,71.645
2019-02-06,71.573
2019-02-07,71.476
2019-02-08,71.276
2019-02-11,71.138
2019-02-12,70.645
2019-02-13,70.827
2019-02-14,71.175
2019-02-15,71.368
2019-02-18,71.398
2019-02-19,71.454
2019-02-20,71.151
2019-02-21,71.112
2019-02-22,71.126
2019-02-25,70.92
2019-02-26,71.165
2019-02-27,71.281
2019-02-28,70.857
2019-03-01,70.895
2019-03-04,70.883
2019-03-05,70.559
2019-03-06,70.263
2019-03-07,69.988
2019-03-08,70.16
2019-03-11,69.857
2019-03-12,69.639
2019-03-13,69.594
2019-03-14,69.476
2019-03-15,69.043
2019-03-18,68.536
2019-03-19,68.983
2019-03-20,68.818
2019-03-21,68.562
2019-03-22,68.977
2019-03-25,68.915
2019-03-26,68.865
2019-03-27,69.141
2019-03-28,69.331
2019-03-29,69.176
2019-04-01,69.32
2019-04-02,68.754
2019-04-03,68.425
2019-04-04,69.162
2019-04-05,69.249
2019-04-08,69.644
2019-04-09,69.334
2019-04-10,69.15
2019-04-11,68.968
2019-04-12,69.156
2019-04-15,69.425
2019-04-16,69.566
2019-04-17,69.425
2019-04-18,69.394
2019-04-23,69.642
2019-04-24,69.85
2019-04-25,70.286
2019-04-26,70.017
2019-04-29,69.833
2019-04-30,69.586
2019-05-02,69.374
2019-05-03,69.26
2019-05-06,69.41
2019-05-07,69.414
2019-05-08,69.702
2019-05-09,69.994
2019-05-10,69.998
2019-05-13,70.558
2019-05-14,70.406
2019-05-15,70.355
2019-05-16,70.043
2019-05-17,70.205
2019-05-20,69.657
2019-05-21,69.692
2019-05-22,69.698
2019-05-23,69.948
2019-05-24,69.545
2019-05-27,69.528
2019-05-28,69.605
2019-05-29,69.821
2019-05-30,69.887
2019-05-31,69.717
2019-06-03,69.264
2019-06-04,69.258
2019-06-05,69.333
2019-06-06,69.251
2019-06-07,69.486
2019-06-10,69.59
2019-06-11,69.449
2019-06-12,69.32
2019-06-13,69.514
2019-06-14,69.781
2019-06-17,69.946
2019-06-18,69.724
2019-06-19,69.667
2019-06-20,69.431
2019-06-21,69.546
2019-06-24,69.41
2019-06-25,69.347
2019-06-26,69.152
2019-06-27,69.101
2019-06-28,69.002
2019-07-01,68.936
2019-07-02,68.957
2019-07-03,68.845
2019-07-04,68.51
2019-07-05,68.481
2019-07-08,68.565
2019-07-09,68.524
2019-07-10,68.584
2019-07-11,68.365
2019-07-12,68.641
2019-07-15,68.524
2019-07-16,68.687
2019-07-17,68.867
2019-07-18,68.9
2019-07-19,68.817
2019-07-22,68.933
2019-07-23,68.93
2019-07-24,68.966
2019-07-25,68.983
2019-07-26,68.899
2019-07-29,68.778
2019-07-30,68.817
2019-07-31,68.779
2019-08-01,69.106
2019-08-02,69.638
2019-08-05,70.786
2019-08-06,70.81
2019-08-07,70.882
2019-08-08,70.736
2019-08-09,70.811
2019-08-12,71.24
2019-08-13,71.458
2019-08-14,71.275
2019-08-15,71.318
2019-08-16,71.148
2019-08-19,71.404
2019-08-20,71.724
2019-08-21,71.565
2019-08-22,71.812
2019-08-23,71.671
2019-08-26,72.022
2019-08-27,71.526
2019-08-28,71.813
2019-08-29,71.66
2019-08-30,71.435
2019-09-02,71.929
2019-09-03,72.412
2019-09-04,72.054
2019-09-05,71.814
2019-09-06,71.715
2019-09-09,71.678
2019-09-10,71.904
2019-09-11,71.682
2019-09-12,71.147
2019-09-13,70.964
2019-09-16,71.6
2019-09-17,71.782
2019-09-18,71.209
2019-09-19,71.324
2019-09-20,70.981
2019-09-23,70.951
2019-09-24,70.948
2019-09-25,71.045
2019-09-26,70.909
2019-09-27,70.478
2019-09-30,70.862
2019-10-01,71.107
2019-10-02,71.238
2019-10-03,70.967
2019-10-04,70.901
2019-10-07,70.994
2019-10-08,71.131
2019-10-09,71.063
2019-10-10,71.039
2019-10-11,71.075
2019-10-14,71.185
2019-10-15,71.496
2019-10-16,71.445
2019-10-17,71.158
2019-10-18,71.136
2019-10-21,70.857
2019-10-22,70.911
2019-10-23,70.866
2019-10-24,71.012
2019-10-25,70.903
2019-10-28,70.746
2019-10-29,70.856
2019-10-30,70.926
2019-10-31,70.927
2019-11-01,70.757
2019-11-04,70.73
2019-11-05,70.69
2019-11-06,70.952
2019-11-07,70.912
2019-11-08,71.281
2019-11-11,71.542
2019-11-12,71.692
2019-11-13,72.069
2019-11-14,71.929
2019-11-15,71.745
2019-11-18,71.807
2019-11-19,71.678
2019-11-20,71.818
2019-11-21,71.741
2019-11-22,71.687
2019-11-25,71.709
2019-11-26,71.521
2019-11-27,71.351
2019-11-28,71.613
2019-11-29,71.652
2019-12-02,71.648
2019-12-03,71.746
2019-12-04,71.53
2019-12-05,71.228
2019-12-06,71.249
2019-12-09,71.067
2019-12-10,70.923
2019-12-11,70.801
2019-12-12,70.877
2019-12-13,70.754
2019-12-16,70.973
2019-12-17,70.959
2019-12-18,70.981
2019-12-19,71.091
2019-12-20,71.194
2019-12-23,71.283
2019-12-24,71.256
2019-12-27,71.404
2019-12-30,71.331
2019-12-31,71.382
2020-01-02,71.389
2020-01-03,71.777
2020-01-06,71.931
2020-01-07,71.84
2020-01-08,71.713
2020-01-09,71.253
2020-01-10,70.951
2020-01-13,70.845
2020-01-14,70.83
2020-01-15,70.797
2020-01-16,70.929
2020-01-17,71.081
2020-01-20,71.073
2020-01-21,71.196
2020-01-22,71.127
2020-01-23,71.315
2020-01-24,71.291
2020-01-27,71.421
2020-01-28,71.289
2020-01-29,71.282
2020-01-30,71.639
2020-01-31,71.395
2020-02-03,71.393
2020-02-04,71.245
2020-02-05,71.154
2020-02-06,71.148
2020-02-07,71.44
2020-02-10,71.324
2020-02-11,71.272
2020-02-12,71.316
2020-02-13,71.271
2020-02-14,71.45
2020-02-17,71.382
2020-02-18,71.551
2020-02-19,71.513
2020-02-20,71.616
2020-02-21,71.988
2020-02-24,71.941
2020-02-25,71.701
2020-02-26,71.651
2020-02-27,71.633
2020-02-28,72.228
2020-03-02,72.757
2020-03-03,73.248
2020-03-04,73.258
2020-03-05,73.433
2020-03-06,73.739
2020-03-09,74.162
2020-03-10,73.845
2020-03-11,73.677
2020-03-12,74.262
2020-03-13,73.739
2020-03-16,74.222
2020-03-17,74.276
2020-03-18,74.209
2020-03-19,75.123
2020-03-20,75.147
2020-03-23,76.166
2020-03-24,75.957
2020-03-25,76.383
2020-03-26,75.157
2020-03-27,75.494
2020-03-30,75.675
2020-03-31,75.666
2020-04-01,76.445
2020-04-02,76.407
2020-04-03,76.236
2020-04-06,76.091
2020-04-07,75.563
2020-04-08,76.23
2020-04-09,76.314
2020-04-14,76.156
2020-04-15,76.502
2020-04-16,76.874
2020-04-17,76.483
2020-04-20,76.556
2020-04-21,76.94
2020-04-22,76.534
2020-04-23,76.068
2020-04-24,76.269
2020-04-27,76.133
2020-04-28,75.867
2020-04-29,75.65
2020-04-30,75.037
2020-05-04,75.663
2020-05-05,75.754
2020-05-06,75.858
2020-05-07,75.832
2020-05-08,75.588
2020-05-11,75.85
2020-05-12,75.143
2020-05-13,75.292
2020-05-14,75.602
2020-05-15,75.931
2020-05-18,75.831
2020-05-19,75.662
2020-05-20,75.616
2020-05-21,75.5
2020-05-22,75.871
2020-05-25,75.885
2020-05-26,75.563
2020-05-27,75.735
2020-05-28,75.763
2020-05-29,75.521
2020-06-01,75.513
2020-06-02,75.21
2020-06-03,75.496
2020-06-04,75.493
2020-06-05,75.578
2020-06-08,75.534
2020-06-09,75.536
2020-06-10,75.516
2020-06-11,75.837
2020-06-12,75.893
2020-06-15,76.006
2020-06-16,76.097
2020-06-17,76.166
2020-06-18,76.341
2020-06-19,76.137
2020-06-22,76.037
2020-06-23,75.49
2020-06-24,75.647
2020-06-25,75.634
2020-06-26,75.644
2020-06-29,75.496
2020-06-30,75.567
2020-07-01,75.554
2020-07-02,74.739
2020-07-03,74.679
2020-07-06,74.57
2020-07-07,74.81
2020-07-08,75.004
2020-07-09,74.987
2020-07-10,75.239
2020-07-13,75.223
2020-07-14,75.402
2020-07-15,75.122
2020-07-16,75.223
2020-07-17,74.965
2020-07-20,74.808
2020-07-21,74.613
2020-07-22,74.529
2020-07-23,74.838
2020-07-24,74.836
2020-07-27,74.728
2020-07-28,74.857
2020-07-29,74.789
2020-07-30,74.887
2020-07-31,74.814
2020-08-03,75.2
2020-08-04,75.121
2020-08-05,74.835
2020-08-06,74.947
2020-08-07,75.002
2020-08-10,74.904
2020-08-11,74.565
2020-08-12,74.802
2020-08-13,74.842
2020-08-14,74.892
2020-08-17,74.825
2020-08-18,74.651
2020-08-19,74.851
2020-08-20,75.097
2020-08-21,74.943
2020-08-24,74.086
2020-08-25,74.251
2020-08-26,74.315
2020-08-27,73.92
2020-08-28,73.193
2020-08-31,73.258
2020-09-01,72.921
2020-09-02,73.198
2020-09-03,73.529
2020-09-04,73.197
2020-09-07,73.452
2020-09-08,73.916
2020-09-09,73.567
2020-09-10,73.449
2020-09-11,73.595
2020-09-14,73.543
2020-09-15,73.596
2020-09-16,73.528
2020-09-17,73.629
2020-09-18,73.532
2020-09-21,73.556
2020-09-22,73.475
2020-09-23,73.537
2020-09-24,73.946
2020-09-25,73.681
2020-09-28,73.719
2020-09-29,73.731
2020-09-30,73.71
2020-10-01,73.034
2020-10-02,73.35
2020-10-05,73.156
2020-10-06,73.396
2020-10-07,73.288
2020-10-08,73.26
2020-10-09,73.082
2020-10-12,73.294
2020-10-13,73.318
2020-10-14,73.277
2020-10-15,73.474
2020-10-16,73.307
2020-10-19,73.305
2020-10-20,73.539
2020-10-21,73.718
2020-10-22,73.691
2020-10-23,73.65
2020-10-26,74.076
2020-10-27,73.665
2020-10-28,74.017
2020-10-29,74.41
2020-10-30,74.466
2020-11-02,74.459
2020-11-03,74.406
2020-11-04,74.396
2020-11-05,74.011
2020-11-06,74.145
2020-11-09,73.752
2020-11-10,74.246
2020-11-11,74.418
2020-11-12,74.693
2020-11-13,74.642
2020-11-16,74.455
2020-11-17,74.466
2020-11-18,74.157
2020-11-19,74.206
2020-11-20,74.13
2020-11-23,74.027
2020-11-24,74.083
2020-11-25,73.886
2020-11-26,73.84
2020-11-27,74.065
2020-11-30,74.065
2020-12-01,73.655
2020-12-02,73.736
2020-12-03,73.829
2020-12-04,73.756
2020-12-07,73.903
2020-12-08,73.634
2020-12-09,73.672
2020-12-10,73.669
2020-12-11,73.778
2020-12-14,73.549
2020-12-15,73.591
2020-12-16,73.648
2020-12-17,73.591
2020-12-18,73.513
2020-12-21,74.041
2020-12-22,73.862
2020-12-23,73.804
2020-12-24,73.55
2020-12-28,73.5
2020-12-29,73.367
2020-12-30,73.186
2020-12-31,73.067
2021-01-04,73.024
2021-01-05,73.238
2021-01-06,73.107
2021-01-07,73.355
2021-01-08,73.306
2021-01-11,73.46
2021-01-12,73.259
2021-01-13,73.163
2021-01-14,73.128
2021-01-15,73.117
2021-01-18,73.309
2021-01-19,73.154
2021-01-20,73.027
2021-01-21,72.973
2021-01-22,73.014
2021-01-25,72.934
2021-01-26,72.931
2021-01-27,73.006
2021-01-28,73.046
2021-01-29,72.866
2021-02-01,73.105
2021-02-02,72.991
2021-02-03,72.913
2021-02-04,72.883
2021-02-05,72.912
2021-02-08,72.948
2021-02-09,72.935
2021-02-10,72.829
2021-02-11,72.775
2021-02-12,72.58
2021-02-15,72.611
2021-02-16,72.816
2021-02-17,72.794
2021-02-18,72.55
2021-02-19,72.502
2021-02-22,72.505
2021-02-23,72.519
2021-02-24,72.353
2021-02-25,72.63
2021-02-26,73.905
2021-03-01,73.567
2021-03-02,73.379
2021-03-03,72.85
2021-03-04,72.752
2021-03-05,73.069
2021-03-08,73.361
2021-03-09,73.003
2021-03-10,72.999
2021-03-11,72.596
2021-03-12,72.681
2021-03-15,72.559
2021-03-16,72.514
2021-03-17,72.588
2021-03-18,72.708
2021-03-19,72.509
2021-03-22,72.355
2021-03-23,72.456
2021-03-24,72.609
2021-03-25,72.666
2021-03-26,72.551
2021-03-29,72.556
2021-03-30,73.461
2021-03-31,73.186
2021-04-01,73.412
2021-04-06,73.4
2021-04-07,74.36
2021-04-08,74.615
2021-04-09,74.706
2021-04-12,75.017
2021-04-13,75.42
2021-04-14,75.084
2021-04-15,75.021
2021-04-16,74.454
2021-04-19,74.84
2021-04-20,75.139
2021-04-21,75.456
2021-04-22,75.037
2021-04-23,74.979
2021-04-26,74.787
2021-04-27,74.578
2021-04-28,74.474
2021-04-29,74.079
2021-04-30,74.061
2021-05-03,73.896
2021-05-04,73.879
2021-05-05,73.878
2021-05-06,73.748
2021-05-07,73.505
2021-05-10,73.35
2021-05-11,73.369
2021-05-12,73.411
2021-05-13,73.554
2021-05-14,73.257
2021-05-17,73.318
2021-05-18,73.008
2021-05-19,73.149
2021-05-20,73.064
2021-05-21,72.859
2021-05-24,72.92
2021-05-25,72.766
2021-05-26,72.753
2021-05-27,72.602
2021-05-28,72.55
2021-05-31,72.568
2021-06-01,72.9
2021-06-02,73.1
2021-06-03,72.93
2021-06-04,73.005
2021-06-07,72.792
2021-06-08,72.878
2021-06-09,72.948
2021-06-10,73.082
2021-06-11,73.13
2021-06-14,73.233
2021-06-15,73.34
2021-06-16,73.309
2021-06-17,74.122
2021-06-18,73.987
2021-06-21,74.165
2021-06-22,74.298
2021-06-23,74.178
2021-06-24,74.145
2021-06-25,74.209
2021-06-28,74.299
2021-06-29,74.277
2021-06-30,74.318
2021-07-01,74.52
2021-07-02,74.693
2021-07-05,74.296
2021-07-06,74.514
2021-07-07,74.618
2021-07-08,74.852
2021-07-09,74.524
2021-07-12,74.595
2021-07-13,74.544
2021-07-14,74.492
2021-07-15,74.562
2021-07-16,74.589
2021-07-19,74.987
2021-07-20,74.667
2021-07-21,74.575
2021-07-22,74.446
2021-07-23,74.437
2021-07-26,74.429
2021-07-27,74.437
2021-07-28,74.388
2021-07-29,74.261
2021-07-30,74.334
2021-08-02,74.373
2021-08-03,74.228
2021-08-04,74.159
2021-08-05,74.118
2021-08-06,74.109
2021-08-09,74.245
2021-08-10,74.382
2021-08-11,74.381
2021-08-12,74.206
2021-08-13,74.263
2021-08-16,74.218
2021-08-17,74.31
2021-08-18,74.256
2021-08-19,74.384
2021-08-20,74.372
2021-08-23,74.176
2021-08-24,74.157
2021-08-25,74.259
2021-08-26,74.131
2021-08-27,73.718
2021-08-30,73.299
2021-08-31,72.993
2021-09-01,73.073
2021-09-02,73.037
2021-09-03,73.029
2021-09-06,73.087
2021-09-07,73.474
2021-09-08,73.569
2021-09-09,73.551
2021-09-10,73.431
2021-09-13,73.718
2021-09-14,73.675
2021-09-15,73.461
2021-09-16,73.51
2021-09-17,73.455
2021-09-20,73.666
2021-09-21,73.684
2021-09-22,73.851
2021-09-23,73.726
2021-09-24,73.786
2021-09-27,73.859
2021-09-28,74.122
2021-09-29,74.198
2021-09-30,74.341
2021-10-01,74.121
2021-10-04,74.252
2021-10-05,74.547
2021-10-06,74.892
2021-10-07,74.736
2021-10-08,74.985
2021-10-11,75.454
2021-10-12,75.526
2021-10-13,75.342
2021-10-14,75.28
2021-10-15,74.961
2021-10-18,75.327
2021-10-19,75.075
2021-10-20,74.86
2021-10-21,74.882
2021-10-22,74.867
2021-10-25,75.17
2021-10-26,74.953
2021-10-27,75.062
2021-10-28,74.873
2021-10-29,74.865
2021-11-01,74.909
2021-11-02,74.636
2021-11-03,74.486
2021-11-04,74.423
2021-11-05,74.26
2021-11-08,74.108
2021-11-09,74.104
2021-11-10,74.304
2021-11-11,74.442
2021-11-12,74.415
2021-11-15,74.397
2021-11-16,74.367
2021-11-17,74.258
2021-11-18,74.235
2021-11-19,74.253
2021-11-22,74.348
2021-11-23,74.465
2021-11-24,74.46
2021-11-25,74.499
2021-11-26,74.874
2021-11-29,75.08
2021-11-30,75.095
2021-12-01,74.907
2021-12-02,75.007
2021-12-03,75.148
2021-12-06,75.414
2021-12-07,75.409
2021-12-08,75.431
2021-12-09,75.599
2021-12-10,75.676
2021-12-13,75.74
2021-12-14,75.94
2021-12-15,76.39
2021-12-16,76.217
2021-12-17,75.958
2021-12-20,75.845
2021-12-21,75.573
2021-12-22,75.577
2021-12-23,75.225
2021-12-24,75.002
2021-12-27,74.973
2021-12-28,74.689
2021-12-29,74.662
2021-12-30,74.343
2021-12-31,74.369
2022-01-03,74.32
2022-01-04,74.661
2022-01-05,74.353
2022-01-06,74.459
2022-01-07,74.332
2022-01-10,74.041
2022-01-11,73.88
2022-01-12,73.905
2022-01-13,73.907
2022-01-14,74.203
2022-01-17,74.305
2022-01-18,74.611
2022-01-19,74.403
2022-01-20,74.405
2022-01-21,74.392
2022-01-24,74.62
2022-01-25,74.796
2022-01-26,74.869
2022-01-27,75.081
2022-01-28,75.058
2022-01-31,74.731
2022-02-01,74.778
2022-02-02,74.724
2022-02-03,74.889
2022-02-04,74.703
2022-02-07,74.718
2022-02-08,74.728
2022-02-09,74.84
2022-02-10,75.129
2022-02-11,75.195
2022-02-14,75.53
2022-02-15,75.311
2022-02-16,75.088
2022-02-17,75.013
2022-02-18,74.555
2022-02-21,74.687
2022-02-22,74.731
2022-02-23,74.586
2022-02-24,75.517
2022-02-25,75.205
2022-02-28,75.498
2022-03-01,75.703
2022-03-02,75.797
2022-03-03,75.993
2022-03-04,76.347
2022-03-07,76.925
2022-03-08,77.047
2022-03-09,76.594
2022-03-10,76.335
2022-03-11,76.424
2022-03-14,76.578
2022-03-15,76.39
2022-03-16,76.205
2022-03-17,75.866
2022-03-18,76.108
2022-03-21,76.264
2022-03-22,76.116
2022-03-23,76.441
2022-03-24,76.407
2022-03-25,76.186
2022-03-28,76.126
2022-03-29,75.751
2022-03-30,75.84
2022-03-31,75.786
2022-04-01,75.986
2022-04-04,75.529
2022-04-05,75.34
2022-04-06,75.831
2022-04-07,75.989
2022-04-08,75.859
2022-04-11,75.881
2022-04-12,76.172
2022-04-13,76.187
2022-04-14,76.126
2022-04-19,76.46
2022-04-20,76.297
2022-04-21,76.201
2022-04-22,76.444
2022-04-25,76.605
2022-04-26,76.569
2022-04-27,76.604
2022-04-28,76.652
2022-04-29,76.509
2022-05-02,76.492
2022-05-03,76.582
2022-05-04,76.346
2022-05-05,76.287
2022-05-06,76.916
2022-05-09,77.413
2022-05-10,77.26
2022-05-11,77.22
2022-05-12,77.508
2022-05-13,77.448
2022-05-16,77.797
2022-05-17,77.459
2022-05-18,77.592
2022-05-19,77.634
2022-05-20,77.678
2022-05-23,77.568
2022-05-24,77.593
2022-05-25,77.581
2022-05-26,77.601
2022-05-27,77.588
2022-05-30,77.555
2022-05-31,77.691
2022-06-01,77.53
2022-06-02,77.553
2022-06-03,77.605
2022-06-06,77.606
2022-06-07,77.725
2022-06-08,77.67
2022-06-09,77.753
2022-06-10,77.841
2022-06-13,78.058
2022-06-14,78.033
2022-06-15,78.142
2022-06-16,78.067
2022-06-17,78.076
2022-06-20,77.959
2022-06-21,78.123
2022-06-22,78.329
2022-06-23,78.29
2022-06-24,78.297
2022-06-27,78.443
2022-06-28,78.979
2022-06-29,78.958
2022-06-30,79.051
2022-07-01,79.012
2022-07-04,78.919
2022-07-05,79.368
2022-07-06,79.129
2022-07-07,79.175
2022-07-08,79.238
2022-07-11,79.461
2022-07-12,79.562
2022-07-13,79.597
2022-07-14,80.04
2022-07-15,79.849
2022-07-18,79.982
2022-07-19,79.941
2022-07-20,80.01
2022-07-21,79.861
2022-07-22,79.863
2022-07-25,79.787
2022-07-26,79.81
2022-07-27,79.925
2022-07-28,79.678
2022-07-29,79.31
2022-08-01,79.087
2022-08-02,78.56
2022-08-03,79.154
2022-08-04,79.334
2022-08-05,79.205
2022-08-08,79.586
2022-08-09,79.549
2022-08-10,79.467
2022-08-11,79.59
2022-08-12,79.718
2022-08-15,79.51
2022-08-16,79.331
2022-08-17,79.457
2022-08-18,79.623
2022-08-19,79.869
2022-08-22,79.854
2022-08-23,79.863
2022-08-24,79.828
2022-08-25,79.896
2022-08-26,79.846
2022-08-29,79.942
2022-08-30,79.532
2022-08-31,79.546
2022-09-01,79.588
2022-09-02,79.866
2022-09-05,79.872
2022-09-06,79.805
2022-09-07,79.947
2022-09-08,79.666
2022-09-09,79.578
2022-09-12,79.458
2022-09-13,79.165
2022-09-14,79.502
2022-09-15,79.776
2022-09-16,79.727
2022-09-19,79.733
2022-09-20,79.722
2022-09-21,79.907
2022-09-22,80.83
2022-09-23,81.06
2022-09-26,81.59
2022-09-27,81.47
2022-09-28,81.83
2022-09-29,81.72
2022-09-30,81.48
2022-10-03,81.83
2022-10-04,81.59
2022-10-05,81.6
2022-10-06,82.21
2022-10-07,82.22
2022-10-10,82.47
2022-10-11,82.23
2022-10-12,82.32
2022-10-13,82.14
2022-10-14,82.3
2022-10-17,82.28
2022-10-18,82.28
2022-10-19,83.04
2022-10-20,82.74
2022-10-21,82.98
2022-10-24,82.78
2022-10-25,82.8
2022-10-26,82.02
2022-10-27,82.36
2022-10-28,82.46
2022-10-31,82.81
2022-11-01,82.52
2022-11-02,82.75
2022-11-03,82.93
2022-11-04,82.07
2022-11-07,81.9
2022-11-08,81.55
2022-11-09,81.34
2022-11-10,81.69
2022-11-11,80.74
2022-11-14,81.19
2022-11-15,80.86
2022-11-16,81.24
2022-11-17,81.78
2022-11-18,81.7
2022-11-21,81.73
2022-11-22,81.64
2022-11-23,81.81
2022-11-24,81.66
2022-11-25,81.65
2022-11-28,81.66
2022-11-29,81.66
2022-11-30,81.36
2022-12-01,81.24
2022-12-02,81.27
2022-12-05,81.72
2022-12-06,82.4
2022-12-07,82.33
2022-12-08,82.4
2022-12-09,82.35
2022-12-12,82.61
2022-12-13,82.79
2022-12-14,82.49
2022-12-15,82.8
2022-12-16,82.7
2022-12-19,82.59
2022-12-20,82.71
2022-12-21,82.84
2022-12-22,82.8
2022-12-23,82.81
2022-12-27,82.91
2022-12-28,82.79
2022-12-29,82.85
2022-12-30,82.66
2023-01-02,82.78
2023-01-03,82.89
2023-01-04,82.83
2023-01-05,82.52
2023-01-06,82.77
2023-01-09,82.35
2023-01-10,81.79
2023-01-11,81.71
2023-01-12,81.49
2023-01-13,81.47
2023-01-16,81.65
2023-01-17,81.69
2023-01-18,81.32
2023-01-19,81.41
2023-01-20,81.12
2023-01-23,81.36
2023-01-24,81.62
2023-01-25,81.57
2023-01-26,81.53
2023-01-27,81.61
2023-01-30,81.53
2023-01-31,81.82
2023-02-01,81.8
2023-02-02,82.18
2023-02-03,81.91
2023-02-06,82.67
2023-02-07,82.72
2023-02-08,82.52
2023-02-09,82.53
2023-02-10,82.55
2023-02-13,82.73
2023-02-14,82.83
2023-02-15,82.84
2023-02-16,82.67
2023-02-17,82.84
2023-02-20,82.73
2023-02-21,82.78
2023-02-22,82.9
2023-02-23,82.58
2023-02-24,82.76
2023-02-27,82.76
2023-02-28,82.61
2023-03-01,82.44
2023-03-02,82.55
2023-03-03,81.88
2023-03-06,81.85
2023-03-07,81.82
2023-03-08,81.95
2023-03-09,82.07
2023-03-10,82.13
2023-03-13,82.24
2023-03-14,82.36
2023-03-15,82.77
2023-03-16,82.8
2023-03-17,82.64
2023-03-20,82.57
2023-03-21,82.62
2023-03-22,82.6
2023-03-23,82.25
2023-03-24,82.42
2023-03-27,82.31
2023-03-28,82.15
2023-03-29,82.33
2023-03-30,82.09
2023-03-31,82.21
2023-04-03,82.31
2023-04-04,82.19
2023-04-05,82.01
2023-04-06,81.88
2023-04-11,82.09
2023-04-12,82.12
2023-04-13,81.86
2023-04-14,81.72
2023-04-17,82.01
2023-04-18,82.03
2023-04-19,82.23
2023-04-20,82.18
2023-04-21,82.08
2023-04-24,81.92
2023-04-25,81.95
2023-04-26,81.76
2023-04-27,81.8
2023-04-28,81.83
2023-05-02,81.85
2023-05-03,81.82
2023-05-04,81.77
2023-05-05,81.71
2023-05-08,81.8
2023-05-09,82.08
2023-05-10,82.03
2023-05-11,82.06
2023-05-12,82.19
2023-05-15,82.29
2023-05-16,82.23
2023-05-17,82.36
2023-05-18,82.58
2023-05-19,82.74
2023-05-22,82.86
2023-05-23,82.82
2023-05-24,82.66
2023-05-25,82.73
2023-05-26,82.6
2023-05-29,82.61
2023-05-30,82.65
2023-05-31,82.69
2023-06-01,82.46
2023-06-02,82.36
2023-06-05,82.63
2023-06-06,82.59
2023-06-07,82.5
2023-06-08,82.54
2023-06-09,82.46
2023-06-12,82.42
2023-06-13,82.33
2023-06-14,82.05
2023-06-15,82.24
2023-06-16,81.89
2023-06-19,81.95
2023-06-20,82.09
2023-06-21,82.01
2023-06-22,81.96
2023-06-23,81.97
2023-06-26,82.03
2023-06-27,81.99
2023-06-28,82.05
2023-06-29,82.02
2023-06-30,82.1
2023-07-03,81.95
2023-07-04,82.02
2023-07-05,82.29
2023-07-06,82.44
2023-07-07,82.71
2023-07-10,82.6
2023-07-11,82.42
2023-07-12,82.31
2023-07-13,82.09
2023-07-14,82.17
2023-07-17,82.02
2023-07-18,82.03
2023-07-19,82.08
2023-07-20,81.97
2023-07-21,81.97
2023-07-24,81.81
2023-07-25,81.84
2023-07-26,82.03
2023-07-27,81.92
2023-07-28,82.2
2023-07-31,82.26
2023-08-01,82.28
2023-08-02,82.55
2023-08-03,82.78
2023-08-04,82.89
2023-08-07,82.73
2023-08-08,82.84
2023-08-09,82.86
2023-08-10,82.68
2023-08-11,82.79
2023-08-14,83.09
2023-08-15,83.34
2023-08-16,83.22
2023-08-17,83.03
2023-08-18,83.08
2023-08-21,83.11
2023-08-22,82.96
2023-08-23,82.67
2023-08-24,82.58
2023-08-25,82.62
2023-08-28,82.62
2023-08-29,82.78
2023-08-30,82.69
2023-08-31,82.75
2023-09-01,82.72
2023-09-04,82.68
2023-09-05,83.03
2023-09-06,83.15
2023-09-07,83.19
2023-09-08,83.02
2023-09-11,82.96
2023-09-12,82.92
2023-09-13,83.0
2023-09-14,82.99
2023-09-15,83.15
2023-09-18,83.31
2023-09-19,83.21
2023-09-20,83.08
2023-09-21,83.09
2023-09-22,82.93
2023-09-25,83.12
2023-09-26,83.26
2023-09-27,83.19
2023-09-28,83.16
2023-09-29,83.08
2023-10-02,83.17
2023-10-03,83.22
2023-10-04,83.26
2023-10-05,83.25
2023-10-06,83.15
2023-10-09,83.3
2023-10-10,83.24
2023-10-11,83.18
2023-10-12,83.24
2023-10-13,83.27
2023-10-16,83.25
2023-10-17,83.22
2023-10-18,83.25
2023-10-19,83.23
2023-10-20,83.07
2023-10-23,83.14
2023-10-24,83.06
2023-10-25,83.18
2023-10-26,83.24
2023-10-27,83.25
2023-10-30,83.26
2023-10-31,83.27
2023-11-01,83.28
2023-11-02,83.2
2023-11-03,83.21
2023-11-06,83.23
2023-11-07,83.27
2023-11-08,83.29
2023-11-09,83.29
2023-11-10,83.29
2023-11-13,83.26
2023-11-14,83.18
2023-11-15,83.08
2023-11-16,83.24
2023-11-17,83.25
2023-11-20,83.37
2023-11-21,83.29
2023-11-22,83.31
2023-11-23,83.32
2023-11-24,83.4
2023-11-27,83.34
2023-11-28,83.35
2023-11-29,83.32
2023-11-30,83.35
2023-12-01,83.32
2023-12-04,83.38
2023-12-05,83.38
2023-12-06,83.35
2023-12-07,83.36
2023-12-08,83.41
2023-12-11,83.37
2023-12-12,83.38
2023-12-13,83.4
2023-12-14,83.33
2023-12-15,83.08
2023-12-18,83.16
2023-12-19,83.18
2023-12-20,83.21
2023-12-21,83.25
2023-12-22,83.13
2023-12-27,83.32
2023-12-28,83.18
2023-12-29,83.17
2024-01-02,83.32
2024-01-03,83.3
2024-01-04,83.24
2024-01-05,83.15
2024-01-08,83.11
2024-01-09,83.11
2024-01-10,83.03
2024-01-11,83.02
2024-01-12,82.93
2024-01-15,82.87
2024-01-16,83.09
2024-01-17,83.14
2024-01-18,83.15
2024-01-19,83.08
2024-01-22,83.13
2024-01-23,83.12
2024-01-24,83.11
2024-01-25,83.13
2024-01-26,83.13
2024-01-29,83.16
2024-01-30,83.13
2024-01-31,83.05
2024-02-01,82.98
2024-02-02,82.91
2024-02-05,83.05
2024-02-06,83.05
2024-02-07,82.98
2024-02-08,82.99
2024-02-09,83.03
2024-02-12,83.01
2024-02-13,83.0
2024-02-14,83.04
2024-02-15,83.05
2024-02-16,83.01
2024-02-19,83.02
2024-02-20,82.95
2024-02-21,82.92
2024-02-22,82.88
2024-02-23,82.91
2024-02-26,82.88
2024-02-27,82.89
2024-02-28,82.9
2024-02-29,82.9
2024-03-01,82.87
2024-03-04,82.92
2024-03-05,82.91
2024-03-06,82.82
2024-03-07,82.72
2024-03-08,82.73
2024-03-11,82.75
2024-03-12,82.78
2024-03-13,82.81
2024-03-14,82.86
2024-03-15,82.87
2024-03-18,82.89
2024-03-19,83.02
2024-03-20,83.22
2024-03-21,83.12
2024-03-22,83.54
2024-03-25,83.41
2024-03-26,83.32
2024-03-27,83.33
2024-03-28,83.38
2024-04-02,83.4
2024-04-03,83.47
2024-04-04,83.4
2024-04-05,83.32
2024-04-08,83.3
2024-04-09,83.2
2024-04-10,83.2
2024-04-11,83.36
2024-04-12,83.47
2024-04-15,83.43
2024-04-16,83.58
2024-04-17,83.67
2024-04-18,83.52
2024-04-19,83.47
2024-04-22,83.36
2024-04-23,83.33
2024-04-24,83.32
2024-04-25,83.32
2024-04-26,83.37
2024-04-29,83.45
2024-04-30,83.43
2024-05-02,83.46
2024-05-03,83.46
2024-05-06,83.51
2024-05-07,83.5
2024-05-08,83.5
2024-05-09,83.5
2024-05-10,83.51
2024-05-13,83.49
2024-05-14,83.51
2024-05-15,83.49
2024-05-16,83.5
2024-05-17,83.35
2024-05-20,83.3
2024-05-21,83.31
2024-05-22,83.3
2024-05-23,83.23
2024-05-24,83.12
2024-05-27,83.13
2024-05-28,83.18
2024-05-29,83.38
2024-05-30,83.28
2024-05-31,83.42
2024-06-03,83.12
2024-06-04,83.47
2024-06-05,83.43
2024-06-06,83.49
2024-06-07,83.4
2024-06-10,83.49
2024-06-11,83.57
2024-06-12,83.56
2024-06-13,83.56
2024-06-14,83.54
2024-06-17,83.54
2024-06-18,83.43
2024-06-19,83.43
2024-06-20,83.61
2024-06-21,83.57
2024-06-24,83.49
2024-06-25,83.43
2024-06-26,83.56
2024-06-27,83.43
2024-06-28,83.37
2024-07-01,83.44
2024-07-02,83.46
2024-07-03,83.51
2024-07-04,83.52
2024-07-05,83.49
2024-07-08,83.5
2024-07-09,83.49
2024-07-10,83.51
2024-07-11,83.57
2024-07-12,83.53
2024-07-15,83.59
2024-07-16,83.57
2024-07-17,83.56
2024-07-18,83.63
2024-07-19,83.67
2024-07-22,83.66
2024-07-23,83.71
2024-07-24,83.71
2024-07-25,83.76
2024-07-26,83.75
2024-07-29,83.73
2024-07-30,83.72
2024-07-31,83.69
2024-08-01,83.74
2024-08-02,83.74
2024-08-05,84.15
2024-08-06,83.91
2024-08-07,83.96
2024-08-08,83.95
2024-08-09,83.96
2024-08-12,83.97
2024-08-13,83.94
2024-08-14,83.95
2024-08-15,83.95
2024-08-16,83.94
2024-08-19,83.88
2024-08-20,83.76
2024-08-21,83.9
2024-08-22,83.95
2024-08-23,83.9
2024-08-26,83.9
2024-08-27,83.92
2024-08-28,83.98
2024-08-29,83.89
2024-08-30,83.84
2024-09-02,83.91
2024-09-03,83.98
2024-09-04,83.98
2024-09-05,83.99
2024-09-06,83.95
2024-09-09,83.95
2024-09-10,83.97
2024-09-11,83.98
2024-09-12,83.96
2024-09-13,83.92
2024-09-16,83.86
2024-09-17,83.76
2024-09-18,83.72
2024-09-19,83.65
2024-09-20,83.53
2024-09-23,83.55
2024-09-24,83.67
2024-09-25,83.6
2024-09-26,83.64
2024-09-27,83.69
2024-09-30,83.79
2024-10-01,83.83
2024-10-02,83.99
2024-10-03,83.99
2024-10-04,83.97
2024-10-07,84.0
2024-10-08,83.96
2024-10-09,83.96
2024-10-10,83.97
2024-10-11,84.07
2024-10-14,84.04
2024-10-15,84.03
2024-10-16,84.01
2024-10-17,84.04
2024-10-18,84.08
2024-10-21,84.07
2024-10-22,84.07
2024-10-23,84.09
2024-10-24,84.07
2024-10-25,84.09
2024-10-28,84.08
2024-10-29,84.06
2024-10-30,84.09
2024-10-31,84.07
2024-11-01,84.06
2024-11-04,84.12
2024-11-05,84.11
2024-11-06,84.32
2024-11-07,84.32
2024-11-08,84.38
2024-11-11,84.4
2024-11-12,84.38
2024-11-13,84.38
2024-11-14,84.46
2024-11-15,84.43
2024-11-18,84.42
2024-11-19,84.41
2024-11-20,84.36
2024-11-21,84.48
2024-11-22,84.45
2024-11-25,84.29
2024-11-26,84.3
2024-11-27,84.41
2024-11-28,84.47
2024-11-29,84.57
2024-12-02,84.71
2024-12-03,84.68
2024-12-04,84.76
2024-12-05,84.68
2024-12-06,84.69
2024-12-09,84.87
2024-12-10,84.88
2024-12-11,84.85
2024-12-12,84.87
2024-12-13,84.8
2024-12-16,84.89
2024-12-17,84.92
2024-12-18,84.95
2024-12-19,85.12
2024-12-20,85.04
2024-12-23,85.11
2024-12-24,85.17
2024-12-27,85.49
2024-12-30,85.47
2024-12-31,85.6
2025-01-02,85.76
2025-01-03,85.77
2025-01-06,85.61
2025-01-07,85.74
2025-01-08,85.89
2025-01-09,85.85
2025-01-10,86.02
2025-01-13,86.7
2025-01-14,86.57
2025-01-15,86.42
2025-01-16,86.58
2025-01-17,86.62
2025-01-20,86.54
2025-01-21,86.6
2025-01-22,86.38
2025-01-23,86.44
2025-01-24,86.26
2025-01-27,86.31
2025-01-28,86.56
2025-01-29,86.56
2025-01-30,86.61
2025-01-31,86.59
2025-02-03,87.06
2025-02-04,87.09
2025-02-05,87.37
2025-02-06,87.61
2025-02-07,87.51
2025-02-10,87.47
2025-02-11,86.74
2025-02-12,86.89
2025-02-13,86.99
2025-02-14,86.67
2025-02-17,86.88
2025-02-18,86.96
2025-02-19,86.87
2025-02-20,86.59
2025-02-21,86.63
2025-02-24,86.73
2025-02-25,87.19
2025-02-26,87.11
2025-02-27,87.15
2025-02-28,87.38
2025-03-03,87.29
2025-03-04,87.14
2025-03-05,87.05
2025-03-06,87.08
2025-03-07,86.99
2025-03-10,87.31
2025-03-11,87.2
2025-03-12,87.2
2025-03-13,87.05
2025-03-14,86.94
2025-03-17,86.79
2025-03-18,86.55
2025-03-19,86.32
2025-03-20,86.36
2025-03-21,86.03
2025-03-24,85.57
2025-03-25,85.7
2025-03-26,85.65
2025-03-27,85.73
2025-03-28,85.53
2025-03-31,85.44
2025-04-01,85.63
2025-04-02,85.49
2025-04-03,85.28
2025-04-04,85.4
2025-04-07,85.77
2025-04-08,86.22
2025-04-09,86.67
2025-04-10,86.16
2025-04-11,86.09
2025-04-14,85.99
2025-04-15,85.89
2025-04-16,85.65
2025-04-17,85.4
2025-04-22,85.2
2025-04-23,85.4
2025-04-24,85.34
2025-04-25,85.43
2025-04-28,85.02
2025-04-29,85.13
2025-04-30,84.53
2025-05-02,84.3
2025-05-05,84.3
2025-05-06,84.38
2025-05-07,84.76
2025-05-08,85.5
2025-05-09,85.39
2025-05-12,84.86
2025-05-13,85.34
2025-05-14,85.39
2025-05-15,85.52
2025-05-16,85.6
2025-05-19,85.44
2025-05-20,85.56
2025-05-21,85.57
2025-05-22,85.98
2025-05-23,85.43
2025-05-26,85.09
2025-05-27,85.4
2025-05-28,85.39
2025-05-29,85.47
2025-05-30,85.56
2025-06-02,85.38
2025-06-03,85.62
2025-06-04,85.89
2025-06-05,85.83
2025-06-06,85.74
2025-06-09,85.66
2025-06-10,85.58
2025-06-11,85.54
2025-06-12,85.54
2025-06-13,86.09
2025-06-16,86.04
2025-06-17,86.26
2025-06-18,86.43
2025-06-19,86.74
2025-06-20,86.62
2025-06-23,86.77
2025-06-24,86.03
2025-06-25,86.1
2025-06-26,85.75
2025-06-27,85.51
2025-06-30,85.8
2025-07-01,85.56
2025-07-02,85.67
2025-07-03,85.38
2025-07-04,85.41
2025-07-07,85.93
2025-07-08,85.67
2025-07-09,85.72
2025-07-10,85.76
2025-07-11,85.83
2025-07-14,86.01
2025-07-15,85.86
2025-07-16,85.99
2025-07-17,86.08
2025-07-18,86.14
2025-07-21,86.29
2025-07-22,86.43
2025-07-23,86.42
2025-07-24,86.39
2025-07-25,86.51
2025-07-28,86.7
2025-07-29,86.85
2025-07-30,87.49
2025-07-31,87.63
2025-08-01,87.5
2025-08-04,87.65
2025-08-05,87.78
2025-08-06,87.72
2025-08-07,87.49
2025-08-08,87.62
2025-08-11,87.74
2025-08-12,87.7
2025-08-13,87.45
2025-08-14,87.57
2025-08-15,87.46
2025-08-18,87.38
2025-08-19,87.09
2025-08-20,87.06
2025-08-21,87.27
2025-08-22,87.53
2025-08-25,87.56
2025-08-26,87.62
2025-08-27,87.76
2025-08-28,87.57
2025-08-29,88.18
2025-09-01,88.19
2025-09-02,88.08
2025-09-03,88.03
2025-09-04,88.12
2025-09-05,88.24
2025-09-08,88.04
2025-09-09,88.17
2025-09-10,88.12
2025-09-11,88.43
2025-09-12,88.27
2025-09-15,88.14
2025-09-16,88.05
2025-09-17,87.85
2025-09-18,88.11
2025-09-19,88.16
2025-09-22,88.28
2025-09-23,88.77
2025-09-24,88.7
2025-09-25,88.69
2025-09-26,88.72
2025-09-29,88.75
2025-09-30,88.79
2025-10-01,88.72
2025-10-02,88.72
2025-10-03,88.78
2025-10-06,88.78
2025-10-07,88.75
2025-10-08,88.76
2025-10-09,88.8
2025-10-10,88.71
2025-10-13,88.69
2025-10-14,88.79
2025-10-15,88.06
2025-10-16,87.93
2025-10-17,88.0
2025-10-20,87.9
2025-10-21,87.97
2025-10-22,88.42
2025-10-23,87.82
2025-10-24,87.81
2025-10-27,88.25
2025-10-28,88.31
2025-10-29,88.23
2025-10-30,88.72
2025-10-31,88.72
2025-11-03,88.77
2025-11-04,88.71
2025-11-05,88.64
2025-11-06,88.57
2025-11-07,88.68
2025-11-10,88.68
2025-11-11,88.49
2025-11-12,88.61
2025-11-13,88.69
2025-11-14,88.68
2025-11-17,88.61
2025-11-18,88.56
2025-11-19,88.5
2025-11-20,88.71
2025-11-21,89.64
2025-11-24,89.15
2025-11-25,89.2
2025-11-26,89.2
2025-11-27,89.4
2025-11-28,89.48
2025-12-01,89.54
2025-12-02,89.95
2025-12-03,90.17
2025-12-04,89.87
2025-12-05,89.94
2025-12-08,90.04
2025-12-09,89.84
2025-12-10,89.91
2025-12-11,90.32
2025-12-12,90.53
2025-12-15,90.74
2025-12-16,90.92
2025-12-17,90.37
2025-12-18,90.26
2025-12-19,89.69
2025-12-22,89.65
2025-12-23,89.56
2025-12-24,89.74
2025-12-29,89.9
2025-12-30,89.8
2025-12-31,89.87
